-- MySQL dump 10.13  Distrib 8.0.34, for Win64 (x86_64)
--
-- Host: localhost    Database: quiz-ti
-- ------------------------------------------------------
-- Server version	8.0.31

/*!40101 SET @OLD_CHARACTER_SET_CLIENT=@@CHARACTER_SET_CLIENT */;
/*!40101 SET @OLD_CHARACTER_SET_RESULTS=@@CHARACTER_SET_RESULTS */;
/*!40101 SET @OLD_COLLATION_CONNECTION=@@COLLATION_CONNECTION */;
/*!50503 SET NAMES utf8 */;
/*!40103 SET @OLD_TIME_ZONE=@@TIME_ZONE */;
/*!40103 SET TIME_ZONE='+00:00' */;
/*!40014 SET @OLD_UNIQUE_CHECKS=@@UNIQUE_CHECKS, UNIQUE_CHECKS=0 */;
/*!40014 SET @OLD_FOREIGN_KEY_CHECKS=@@FOREIGN_KEY_CHECKS, FOREIGN_KEY_CHECKS=0 */;
/*!40101 SET @OLD_SQL_MODE=@@SQL_MODE, SQL_MODE='NO_AUTO_VALUE_ON_ZERO' */;
/*!40111 SET @OLD_SQL_NOTES=@@SQL_NOTES, SQL_NOTES=0 */;

--
-- Table structure for table `avatares`
--

DROP TABLE IF EXISTS `avatares`;
/*!40101 SET @saved_cs_client     = @@character_set_client */;
/*!50503 SET character_set_client = utf8mb4 */;
CREATE TABLE `avatares` (
  `id_avatar` int NOT NULL AUTO_INCREMENT,
  `avatar` varchar(100) NOT NULL,
  PRIMARY KEY (`id_avatar`)
) ENGINE=MyISAM AUTO_INCREMENT=19 DEFAULT CHARSET=utf8mb3;
/*!40101 SET character_set_client = @saved_cs_client */;

--
-- Dumping data for table `avatares`
--

LOCK TABLES `avatares` WRITE;
/*!40000 ALTER TABLE `avatares` DISABLE KEYS */;
INSERT INTO `avatares` VALUES (1,'avatar1.png'),(2,'avatar2.png'),(3,'avatar3.png'),(4,'avatar4.png'),(5,'avatar5.png'),(6,'avatar6.png'),(7,'avatar7.png'),(8,'avatar8.png'),(9,'avatar9.png'),(10,'avatar10.png'),(11,'avatar11.png'),(12,'avatar12.png'),(13,'avatar13.png'),(14,'avatar14.png'),(15,'avatar15.png'),(16,'avatar16.png'),(17,'avatar17.png'),(18,'avatar18.png');
/*!40000 ALTER TABLE `avatares` ENABLE KEYS */;
UNLOCK TABLES;

--
-- Table structure for table `categorias`
--

DROP TABLE IF EXISTS `categorias`;
/*!40101 SET @saved_cs_client     = @@character_set_client */;
/*!50503 SET character_set_client = utf8mb4 */;
CREATE TABLE `categorias` (
  `id_categoria` int NOT NULL AUTO_INCREMENT,
  `categoria` varchar(100) NOT NULL,
  `created_at` timestamp NULL DEFAULT NULL,
  `updated_at` timestamp NULL DEFAULT NULL,
  `deleted_at` timestamp NULL DEFAULT NULL,
  PRIMARY KEY (`id_categoria`)
) ENGINE=InnoDB AUTO_INCREMENT=25 DEFAULT CHARSET=utf8mb3;
/*!40101 SET character_set_client = @saved_cs_client */;

--
-- Dumping data for table `categorias`
--

LOCK TABLES `categorias` WRITE;
/*!40000 ALTER TABLE `categorias` DISABLE KEYS */;
INSERT INTO `categorias` VALUES (1,'Arte',NULL,'2022-08-04 17:11:30','2022-08-04 17:11:30'),(2,'Personalidade','2022-07-27 20:28:38','2022-08-10 17:53:37','2022-08-10 17:53:37'),(3,'Jogos','2022-08-04 17:42:06','2022-08-04 17:42:06',NULL),(4,'Outros','2022-08-10 17:53:44','2022-08-10 17:53:44',NULL),(5,'Filmes','2022-08-10 17:53:48','2022-08-10 17:53:48',NULL),(6,'Series','2022-08-10 17:53:52','2022-08-10 17:53:52',NULL),(7,'Anime','2022-08-10 17:53:59','2022-08-10 17:53:59',NULL),(8,'Veiculos','2022-08-10 17:54:05','2022-08-10 17:54:05',NULL),(9,'Comida','2022-08-10 17:54:09','2022-08-10 17:54:09',NULL),(10,'Famosos','2022-08-10 17:54:13','2022-08-10 17:54:13',NULL),(11,'Youtubers','2022-08-10 17:54:18','2022-08-10 17:54:18',NULL),(12,'Informatica','2022-08-10 17:54:27','2022-08-10 17:54:27',NULL),(13,'Maquiagem','2022-08-10 17:54:31','2022-08-10 17:54:31',NULL),(14,'Desenhos','2022-08-10 17:54:36','2022-08-10 17:54:36',NULL),(15,'Curiosidades','2022-08-10 17:56:03','2022-08-10 17:56:03',NULL),(16,'Geral','2022-08-10 17:56:07','2022-08-10 17:56:07',NULL),(17,'Paradoxos','2022-08-10 17:56:15','2022-08-10 17:56:15',NULL),(18,'Ciencias','2022-08-10 17:56:21','2022-08-10 17:56:21',NULL),(19,'Matemática','2022-08-10 17:56:26','2022-08-10 17:56:26',NULL),(20,'Historia','2022-08-10 17:56:32','2022-08-10 17:56:32',NULL),(21,'Português','2022-08-10 17:56:49','2022-08-10 17:56:49',NULL),(22,'Física','2022-08-10 17:57:00','2022-08-10 17:57:00',NULL),(23,'Hardware','2022-08-10 17:57:08','2022-08-10 17:57:08',NULL),(24,'Programação','2022-08-10 17:57:14','2022-08-10 17:57:14',NULL);
/*!40000 ALTER TABLE `categorias` ENABLE KEYS */;
UNLOCK TABLES;

--
-- Table structure for table `questoes`
--

DROP TABLE IF EXISTS `questoes`;
/*!40101 SET @saved_cs_client     = @@character_set_client */;
/*!50503 SET character_set_client = utf8mb4 */;
CREATE TABLE `questoes` (
  `id_questao` int NOT NULL AUTO_INCREMENT,
  `id_quiz` int NOT NULL,
  `titulo` tinytext NOT NULL,
  `created_at` timestamp NULL DEFAULT NULL,
  `updated_at` timestamp NULL DEFAULT NULL,
  `deleted_at` timestamp NULL DEFAULT NULL,
  PRIMARY KEY (`id_questao`),
  KEY `fk_questoes_quiz_idx` (`id_quiz`),
  CONSTRAINT `fk_questoes_quiz` FOREIGN KEY (`id_quiz`) REFERENCES `quiz` (`id_quiz`)
) ENGINE=InnoDB AUTO_INCREMENT=111 DEFAULT CHARSET=utf8mb3;
/*!40101 SET character_set_client = @saved_cs_client */;

--
-- Dumping data for table `questoes`
--

LOCK TABLES `questoes` WRITE;
/*!40000 ALTER TABLE `questoes` DISABLE KEYS */;
INSERT INTO `questoes` VALUES (6,8,'Qual era o nome da TV para crianças','2022-07-26 22:00:51','2022-07-26 22:01:17','2022-07-26 22:01:17'),(7,8,'Complete TV Glo..','2022-07-26 22:01:29','2022-07-27 22:46:01',NULL),(8,8,'Ola','2022-07-26 22:55:52','2022-07-27 22:38:58','2022-07-27 22:38:58'),(9,9,'Olá','2022-07-27 22:08:25','2022-07-27 22:08:25',NULL),(10,9,'Olá','2022-07-27 22:08:26','2022-07-27 22:08:28','2022-07-27 22:08:28'),(11,8,'Pedro','2022-07-27 22:09:58','2022-07-27 22:33:02','2022-07-27 22:33:02'),(12,8,'Site','2022-07-27 22:10:01','2022-07-27 22:33:04','2022-07-27 22:33:04'),(13,8,'Maycon','2022-07-27 22:10:05','2022-07-27 22:32:59','2022-07-27 22:32:59'),(14,8,'1+1?','2022-07-27 23:02:05','2022-07-27 23:02:05',NULL),(15,8,'AA','2022-08-03 17:18:48','2022-08-03 17:23:36','2022-08-03 17:23:36'),(16,8,'Quinta letra do alfabeto','2022-08-03 17:45:09','2022-08-03 17:45:09',NULL),(17,8,'Qual linguagem usada para marcação de um site?','2022-08-04 16:38:13','2022-08-04 16:38:13',NULL),(18,12,'aaa','2022-08-04 17:19:14','2022-08-04 17:19:14',NULL),(19,15,'Qual foi o primeiro nome do Minecraft quando ele foi lançado a sua primeira versão?','2022-08-04 17:43:52','2022-08-04 17:45:17','2022-08-04 17:45:17'),(20,15,'Qual foi o primeiro nome do Minecraft quando ele foi lançado a sua primeira versão?','2022-08-04 17:45:21','2022-08-04 17:45:21',NULL),(21,16,'Quantas olimpíadas o Brasil tem? Até 2022','2022-08-04 18:46:03','2022-08-04 18:46:03',NULL),(22,16,'Quantos vices de copa o Brasil tem? Até metade de 2022','2022-08-04 18:46:40','2022-08-04 18:46:40',NULL),(23,16,'Quais os anos em que o Brasil ganhou copa? Até agora.','2022-08-04 18:47:19','2022-08-04 18:47:19',NULL),(24,17,'Quem criou o Homem-Aranha ?','2022-08-05 20:11:52','2022-08-05 20:11:52',NULL),(25,18,'Quantas combinações tem o cubo 3x3x3?','2022-08-08 17:19:06','2022-08-08 17:19:06',NULL),(26,21,'Qual carro do ano de 2022?','2022-08-09 18:12:20','2022-08-09 18:12:20',NULL),(27,22,'Em qual versão foi adicionado as portas com variação?','2022-08-09 19:34:10','2022-08-09 19:34:10',NULL),(28,22,'O creeper surgiu de um bug, mas era para ser um(a):','2022-08-09 19:35:15','2022-08-09 19:35:15',NULL),(29,22,'Em que versão foi adicionada a nova textura do minecraft?','2022-08-09 19:49:31','2022-08-09 19:49:31',NULL),(30,22,'Qual o mob com mais dano do jogo?','2022-08-09 19:51:58','2022-08-09 19:51:58',NULL),(31,22,'Antigamente qual era a melhor camada para achar diamantes?','2022-08-09 19:53:43','2022-08-09 19:53:43',NULL),(32,22,'Qual bloco emite brilho ao ser pisado?','2022-08-09 19:54:37','2022-08-09 19:54:37',NULL),(33,22,'Em que atualização foi adicionado as abelhas?','2022-08-09 19:56:03','2022-08-09 19:56:03',NULL),(34,22,'Items de Netherite resiste a tudo menos há?','2022-08-09 19:57:39','2022-08-09 19:58:26',NULL),(35,22,'Qual é a forma que indica que o herobrine passou pelo seu mundo?','2022-08-09 19:58:44','2022-08-09 19:58:44',NULL),(36,22,'Qual o maior mob do jogo?','2022-08-09 20:00:36','2022-08-09 20:00:36',NULL),(37,22,'Qual desses não está no jogo?','2022-08-09 20:07:22','2022-08-09 20:07:22',NULL),(38,25,'teste','2022-08-10 16:50:32','2022-08-10 16:50:38','2022-08-10 16:50:38'),(39,25,'teste','2022-08-10 16:50:41','2022-08-10 16:53:51','2022-08-10 16:53:51'),(40,25,'Teste','2022-08-10 16:56:26','2022-08-10 16:56:34','2022-08-10 16:56:34'),(41,25,'teste1','2022-08-10 16:56:38','2022-08-10 17:02:15','2022-08-10 17:02:15'),(42,25,'teste2','2022-08-10 16:56:44','2022-08-10 17:02:13','2022-08-10 17:02:13'),(43,25,'teste3','2022-08-10 16:56:51','2022-08-10 17:02:11','2022-08-10 17:02:11'),(44,26,'Quantos episódios tem em stranger things?','2022-08-11 16:45:52','2022-08-11 16:45:52',NULL),(45,26,'Quem morreu na 1 temporada?','2022-08-11 16:58:21','2022-08-11 16:58:21',NULL),(46,26,'Em que temporada o mike começa a namorar eleven?','2022-08-11 17:01:01','2022-08-11 17:01:01',NULL),(47,26,'Quem salvou Max do vecna na 4 temporada?','2022-08-11 17:01:55','2022-08-11 17:01:55',NULL),(48,26,'Vai ter 5 temporada de stranger things?','2022-08-11 17:04:03','2022-08-11 17:04:03',NULL),(49,26,'Eleven e Mike já brigaram, se sim pq?','2022-08-11 17:05:21','2022-08-11 17:05:21',NULL),(50,26,'Jonathan e nancy namoram?','2022-08-11 17:07:16','2022-08-11 17:07:16',NULL),(51,26,'Max chegou em que temporada?','2022-08-11 17:08:35','2022-08-11 17:08:35',NULL),(52,26,'Que música salvou Max do vecna?','2022-08-11 17:09:34','2022-08-11 17:09:34',NULL),(53,26,'Quem não queria Eleven no grupo?','2022-08-11 17:15:03','2022-08-11 17:15:03',NULL),(54,26,'Quem n queria Max no grupo?','2022-08-11 17:16:03','2022-08-11 17:16:03',NULL),(55,26,'Will desapareceu em que temporada?','2022-08-11 17:16:52','2022-08-11 17:16:52',NULL),(56,26,'Nancy realmente gosta do Steve?','2022-08-11 17:17:37','2022-08-11 17:17:37',NULL),(57,26,'Quem é a melhor amiga de Eleven?','2022-08-11 17:19:33','2022-08-11 17:19:33',NULL),(58,27,'Qual a comida que a Anya mais gosta?','2022-08-11 17:28:04','2022-08-11 17:28:04',NULL),(59,27,'Quem e o(a) melhor amigo(a) de Anya?','2022-08-11 17:30:43','2022-08-11 17:30:43',NULL),(60,27,'Quem é Yuri Briar?','2022-08-11 17:34:09','2022-08-11 17:34:09',NULL),(61,27,'Qual e a comida que a Anya odeia?','2022-08-11 17:36:43','2022-08-11 17:36:43',NULL),(62,27,'Quais são a três amigas de Yor?','2022-08-11 17:39:04','2022-08-11 17:39:04',NULL),(63,27,'Quais eram os sobrenomes anteriores de Anya?','2022-08-11 17:41:30','2022-08-11 17:41:30',NULL),(64,27,'A Yor gosta de usar vestidos vermelho e preto, mais por que?','2022-08-11 17:44:26','2022-08-11 17:44:26',NULL),(65,27,'Qual é o nome do personagem principal do programa favorito da Anya?','2022-08-11 17:46:41','2022-08-11 17:46:41',NULL),(66,27,'Como se chama a filha do ministro das Relações Exteriores que Twilight namorava enquanto ele estava','2022-08-11 17:48:25','2022-08-11 17:48:25',NULL),(67,27,'Quantos anos Anya disse que tinha quando Loid foi adotar uma criança?','2022-08-11 17:50:38','2022-08-11 17:50:38',NULL),(68,31,'Qual a princesa que aparece no Filme: A Pequena Sereia?','2022-08-11 19:46:56','2022-08-11 19:58:48',NULL),(69,31,'Qual o nome da pessoa que se casa com a Rapunzel no filme: Enrolados?','2022-08-11 19:53:03','2022-08-11 19:53:03',NULL),(70,31,'Qual o foi o primeiro nome do Mickey?','2022-08-11 20:00:20','2022-08-11 20:00:20',NULL),(71,31,'Qual foi o primeiro Filme da Disney?','2022-08-11 20:04:49','2022-08-11 20:04:49',NULL),(72,31,'Qual o criador da Disney?','2022-08-11 20:12:56','2022-08-11 20:12:56',NULL),(73,31,'Porque os filmes da Disney tem música?','2022-08-11 20:16:09','2022-08-11 20:16:09',NULL),(74,31,'Qual o nome da Rainha de Branca de Neve?','2022-08-11 20:21:38','2022-08-11 20:21:38',NULL),(75,31,'Como é o nome da música do Aladdin e da Jasmine?','2022-08-12 16:54:39','2022-08-12 16:54:39',NULL),(76,31,'Em Peter Pan 2 Wendy tem uma filha como ela se chama?','2022-08-12 17:01:15','2022-08-12 17:01:15',NULL),(77,31,'Qual é o filme mais ressente da Disney?','2022-08-12 17:03:30','2022-08-12 17:14:58','2022-08-12 17:14:58'),(78,32,'Qual a data de nascimento de Billie?','2022-08-12 17:21:56','2022-08-12 17:21:56',NULL),(79,32,'Quais são os nomes dos pais de Billie?','2022-08-12 17:23:37','2022-08-12 17:23:37',NULL),(80,32,'Qual é o nome do irmão da Billie?','2022-08-12 17:25:24','2022-08-12 17:25:24',NULL),(81,32,'Qual foi o primeiro álbum da Billie?','2022-08-12 17:27:28','2022-08-12 17:27:28',NULL),(82,32,'Qual a nacionalidade da Billie?','2022-08-12 17:29:22','2022-08-12 17:29:22',NULL),(83,33,'Qual o nome verdadeiro do Cellbit?','2022-08-12 17:49:29','2022-08-12 17:49:29',NULL),(84,33,'Qual série o Cellbit começou a gravar no início do canal?','2022-08-12 17:51:38','2022-08-12 17:51:38',NULL),(85,33,'Qual tipo de café o Cellbit mais gosta?','2022-08-12 17:52:55','2022-08-12 17:52:55',NULL),(86,33,'Qual o nome da gata que Cellbit tinha quando morava em Carazinho?','2022-08-12 17:57:10','2022-08-12 17:57:10',NULL),(87,33,'Qual era o nome do primeiro canal do Cellbit?','2022-08-12 17:58:45','2022-08-12 17:58:45',NULL),(88,33,'Qual o nome do canal que Cellbit tinha com o Felps?','2022-08-12 19:13:18','2022-08-12 19:13:18',NULL),(89,33,'Me segura ...','2022-08-12 19:14:53','2022-08-12 19:14:53',NULL),(90,33,'Em que dia o Cellbit nasceu ?','2022-08-12 19:16:28','2022-08-12 19:16:28',NULL),(91,34,'Em que ano foi lançado o primeiro jogo do sonic?','2022-08-12 19:22:14','2022-08-12 19:22:14',NULL),(92,35,'Qual foi a arma infernal?','2022-08-12 19:36:22','2022-08-12 19:36:22',NULL),(93,35,'Quando o CSO migrou para o CSNZ?','2022-08-12 19:38:46','2022-08-12 19:38:46',NULL),(94,35,'Qual foi a primeira transcendência?','2022-08-12 19:41:24','2022-08-12 19:41:24',NULL),(95,34,'Quem é o amigo do sonic?','2022-08-12 20:00:47','2022-08-12 20:00:47',NULL),(96,34,'Quem é o inimigo de sonic?','2022-08-12 20:02:02','2022-08-12 20:02:02',NULL),(97,34,'Qual o primeiro jogo do sonic?','2022-08-12 20:03:02','2022-08-12 20:03:02',NULL),(98,34,'Em que data foi lançado Sonic: O Filme?','2022-08-12 20:04:30','2022-08-12 20:04:30',NULL),(99,34,'Qual o poder do sonic?','2022-08-12 20:05:33','2022-08-12 20:05:33',NULL),(100,34,'Quando Sonic usa as esmeraldas do caos, ele se transforma em:','2022-08-12 20:09:19','2022-08-12 20:09:19',NULL),(101,36,'Quais versões do windows existem (que ainda tem suporte pela Microsoft)','2022-08-15 17:18:13','2022-08-15 17:18:13',NULL),(102,36,'Quais são os componentes internos do Computador','2022-08-15 17:21:13','2022-08-15 17:21:13',NULL),(103,36,'Qual a diferença entre Software e Hardware?','2022-08-15 17:24:38','2022-08-15 17:24:38',NULL),(104,36,'Quantos programas o Microsoft Office 365 tem?','2022-08-15 17:29:21','2022-08-15 17:29:21',NULL),(105,36,'O que significa Informatica?','2022-08-15 17:31:29','2022-08-15 17:31:29',NULL),(106,37,'O que fazer na pele logo quando vai começar a maquiagem?','2022-08-15 17:34:28','2022-08-15 17:34:28',NULL),(107,37,'O que fazer na pálpebra para começar a fazer a sombra?','2022-08-15 17:41:08','2022-08-15 17:41:08',NULL),(108,37,'Qual a ordem correta na maquiagem?','2022-08-15 17:54:41','2022-08-15 17:54:41',NULL),(109,37,'O que fazer para saber o tom da base correta?','2022-08-15 17:59:25','2022-08-15 17:59:25',NULL),(110,37,'O que é usado para criar profundidade no rosto e que dá um aspecto de rosto mais fino e realçado?','2022-08-15 18:00:32','2022-08-15 18:00:32',NULL);
/*!40000 ALTER TABLE `questoes` ENABLE KEYS */;
UNLOCK TABLES;

--
-- Table structure for table `questoes_usuarios`
--

DROP TABLE IF EXISTS `questoes_usuarios`;
/*!40101 SET @saved_cs_client     = @@character_set_client */;
/*!50503 SET character_set_client = utf8mb4 */;
CREATE TABLE `questoes_usuarios` (
  `id_questao_usuario` int NOT NULL AUTO_INCREMENT,
  `id_questao` int NOT NULL,
  `id_user` int NOT NULL,
  `created_at` timestamp NULL DEFAULT NULL,
  `updated_at` timestamp NULL DEFAULT NULL,
  `deleted_at` timestamp NULL DEFAULT NULL,
  PRIMARY KEY (`id_questao_usuario`),
  KEY `fk_questoes_usuarios_questoes_idx` (`id_questao`),
  KEY `fk_questoes_usuarios_usuarios_idx` (`id_user`)
) ENGINE=MyISAM AUTO_INCREMENT=189 DEFAULT CHARSET=utf8mb3;
/*!40101 SET character_set_client = @saved_cs_client */;

--
-- Dumping data for table `questoes_usuarios`
--

LOCK TABLES `questoes_usuarios` WRITE;
/*!40000 ALTER TABLE `questoes_usuarios` DISABLE KEYS */;
INSERT INTO `questoes_usuarios` VALUES (19,22,10,'2022-08-08 17:08:01','2022-08-08 17:08:01',NULL),(18,21,10,'2022-08-08 17:07:44','2022-08-08 17:07:44',NULL),(17,24,9,'2022-08-05 20:14:14','2022-08-05 20:14:14',NULL),(16,22,9,'2022-08-05 20:09:41','2022-08-05 20:09:41',NULL),(15,23,9,'2022-08-05 20:09:04','2022-08-05 20:09:04',NULL),(14,21,9,'2022-08-05 20:08:32','2022-08-05 20:08:32',NULL),(13,20,9,'2022-08-05 20:07:08','2022-08-05 20:07:08',NULL),(12,20,3,'2022-08-04 18:41:58','2022-08-04 18:41:58',NULL),(20,23,10,'2022-08-08 17:08:16','2022-08-08 17:08:16',NULL),(21,20,10,'2022-08-08 17:09:21','2022-08-08 17:09:21',NULL),(22,24,10,'2022-08-08 17:09:44','2022-08-08 17:09:44',NULL),(23,20,11,'2022-08-08 17:13:56','2022-08-08 17:13:56',NULL),(24,22,11,'2022-08-08 17:14:32','2022-08-08 17:14:32',NULL),(25,24,11,'2022-08-08 17:15:12','2022-08-08 17:15:12',NULL),(26,21,11,'2022-08-08 17:16:17','2022-08-08 17:16:17',NULL),(27,23,11,'2022-08-08 17:16:53','2022-08-08 17:16:53',NULL),(28,20,12,'2022-08-09 18:08:07','2022-08-09 18:08:07',NULL),(29,22,12,'2022-08-09 18:10:05','2022-08-09 18:10:05',NULL),(30,23,12,'2022-08-09 18:10:13','2022-08-09 18:10:13',NULL),(31,21,12,'2022-08-09 18:10:21','2022-08-09 18:10:21',NULL),(32,24,12,'2022-08-09 18:10:53','2022-08-09 18:10:53',NULL),(33,20,13,'2022-08-09 19:07:05','2022-08-09 19:07:05',NULL),(34,22,13,'2022-08-09 19:07:55','2022-08-09 19:07:55',NULL),(35,23,13,'2022-08-09 19:08:25','2022-08-09 19:08:25',NULL),(36,21,13,'2022-08-09 19:08:56','2022-08-09 19:08:56',NULL),(37,37,3,'2022-08-12 17:26:08','2022-08-12 17:26:08',NULL),(38,29,3,'2022-08-12 19:25:40','2022-08-12 19:25:40',NULL),(39,28,3,'2022-08-12 19:26:01','2022-08-12 19:26:01',NULL),(40,33,3,'2022-08-12 19:26:39','2022-08-12 19:26:39',NULL),(41,30,3,'2022-08-12 19:26:44','2022-08-12 19:26:44',NULL),(42,94,3,'2022-08-12 19:48:17','2022-08-12 19:48:17',NULL),(43,92,3,'2022-08-12 19:48:24','2022-08-12 19:48:24',NULL),(44,93,3,'2022-08-12 19:48:29','2022-08-12 19:48:29',NULL),(45,34,14,'2022-08-15 16:51:13','2022-08-15 16:51:13',NULL),(46,29,14,'2022-08-15 16:52:11','2022-08-15 16:52:11',NULL),(47,36,14,'2022-08-15 16:52:44','2022-08-15 16:52:44',NULL),(48,31,14,'2022-08-15 16:53:13','2022-08-15 16:53:13',NULL),(49,44,14,'2022-08-15 16:54:39','2022-08-15 16:54:39',NULL),(50,54,14,'2022-08-15 16:54:46','2022-08-15 16:54:46',NULL),(51,51,14,'2022-08-15 16:54:52','2022-08-15 16:54:52',NULL),(52,47,14,'2022-08-15 16:55:02','2022-08-15 16:55:02',NULL),(53,45,14,'2022-08-15 16:55:15','2022-08-15 16:55:15',NULL),(54,53,14,'2022-08-15 16:55:21','2022-08-15 16:55:21',NULL),(55,48,14,'2022-08-15 16:55:31','2022-08-15 16:55:31',NULL),(56,57,14,'2022-08-15 16:55:36','2022-08-15 16:55:36',NULL),(57,46,14,'2022-08-15 16:55:44','2022-08-15 16:55:44',NULL),(58,49,14,'2022-08-15 16:56:15','2022-08-15 16:56:15',NULL),(59,52,14,'2022-08-15 16:56:22','2022-08-15 16:56:22',NULL),(60,55,14,'2022-08-15 16:56:40','2022-08-15 16:56:40',NULL),(61,56,14,'2022-08-15 16:57:09','2022-08-15 16:57:09',NULL),(62,50,14,'2022-08-15 16:57:29','2022-08-15 16:57:29',NULL),(63,67,14,'2022-08-15 16:57:59','2022-08-15 16:57:59',NULL),(64,58,14,'2022-08-15 16:58:16','2022-08-15 16:58:16',NULL),(65,65,14,'2022-08-15 16:58:23','2022-08-15 16:58:23',NULL),(66,63,14,'2022-08-15 16:58:34','2022-08-15 16:58:34',NULL),(67,60,14,'2022-08-15 16:58:45','2022-08-15 16:58:45',NULL),(68,62,14,'2022-08-15 16:58:49','2022-08-15 16:58:49',NULL),(69,61,14,'2022-08-15 16:58:54','2022-08-15 16:58:54',NULL),(70,64,14,'2022-08-15 16:59:14','2022-08-15 16:59:14',NULL),(71,59,14,'2022-08-15 16:59:21','2022-08-15 16:59:21',NULL),(72,66,14,'2022-08-15 16:59:30','2022-08-15 16:59:30',NULL),(73,69,14,'2022-08-15 17:01:23','2022-08-15 17:01:23',NULL),(74,70,14,'2022-08-15 17:01:34','2022-08-15 17:01:34',NULL),(75,69,15,'2022-08-15 19:10:02','2022-08-15 19:10:02',NULL),(76,76,15,'2022-08-15 19:10:40','2022-08-15 19:10:40',NULL),(77,30,16,'2022-08-15 19:10:57','2022-08-15 19:10:57',NULL),(78,70,15,'2022-08-15 19:11:05','2022-08-15 19:11:05',NULL),(79,74,15,'2022-08-15 19:11:18','2022-08-15 19:11:18',NULL),(80,71,15,'2022-08-15 19:11:29','2022-08-15 19:11:29',NULL),(81,72,15,'2022-08-15 19:11:35','2022-08-15 19:11:35',NULL),(82,75,15,'2022-08-15 19:11:43','2022-08-15 19:11:43',NULL),(83,73,15,'2022-08-15 19:11:50','2022-08-15 19:11:50',NULL),(84,68,15,'2022-08-15 19:11:55','2022-08-15 19:11:55',NULL),(85,80,15,'2022-08-15 19:12:16','2022-08-15 19:12:16',NULL),(86,34,17,'2022-08-15 19:12:27','2022-08-15 19:12:27',NULL),(87,78,15,'2022-08-15 19:12:27','2022-08-15 19:12:27',NULL),(88,79,15,'2022-08-15 19:12:35','2022-08-15 19:12:35',NULL),(89,81,15,'2022-08-15 19:12:44','2022-08-15 19:12:44',NULL),(90,82,15,'2022-08-15 19:12:49','2022-08-15 19:12:49',NULL),(91,37,17,'2022-08-15 19:12:53','2022-08-15 19:12:53',NULL),(92,27,17,'2022-08-15 19:13:06','2022-08-15 19:13:06',NULL),(93,102,15,'2022-08-15 19:13:14','2022-08-15 19:13:14',NULL),(94,35,17,'2022-08-15 19:13:16','2022-08-15 19:13:16',NULL),(95,105,15,'2022-08-15 19:13:22','2022-08-15 19:13:22',NULL),(96,59,16,'2022-08-15 19:13:30','2022-08-15 19:13:30',NULL),(97,33,17,'2022-08-15 19:13:30','2022-08-15 19:13:30',NULL),(98,103,15,'2022-08-15 19:13:34','2022-08-15 19:13:34',NULL),(99,60,16,'2022-08-15 19:13:36','2022-08-15 19:13:36',NULL),(100,29,17,'2022-08-15 19:13:40','2022-08-15 19:13:40',NULL),(101,101,15,'2022-08-15 19:13:58','2022-08-15 19:13:58',NULL),(102,104,15,'2022-08-15 19:14:06','2022-08-15 19:14:06',NULL),(103,30,17,'2022-08-15 19:14:11','2022-08-15 19:14:11',NULL),(104,66,16,'2022-08-15 19:14:13','2022-08-15 19:14:13',NULL),(105,63,16,'2022-08-15 19:14:22','2022-08-15 19:14:22',NULL),(106,36,17,'2022-08-15 19:14:28','2022-08-15 19:14:28',NULL),(107,65,16,'2022-08-15 19:14:29','2022-08-15 19:14:29',NULL),(108,31,17,'2022-08-15 19:14:36','2022-08-15 19:14:36',NULL),(109,62,16,'2022-08-15 19:14:37','2022-08-15 19:14:37',NULL),(110,61,16,'2022-08-15 19:14:48','2022-08-15 19:14:48',NULL),(111,58,16,'2022-08-15 19:14:53','2022-08-15 19:14:53',NULL),(112,28,17,'2022-08-15 19:14:56','2022-08-15 19:14:56',NULL),(113,64,16,'2022-08-15 19:15:01','2022-08-15 19:15:01',NULL),(114,32,17,'2022-08-15 19:15:15','2022-08-15 19:15:15',NULL),(115,67,16,'2022-08-15 19:15:27','2022-08-15 19:15:27',NULL),(116,100,16,'2022-08-15 19:16:44','2022-08-15 19:16:44',NULL),(117,91,16,'2022-08-15 19:16:59','2022-08-15 19:16:59',NULL),(118,96,16,'2022-08-15 19:17:42','2022-08-15 19:17:42',NULL),(119,95,16,'2022-08-15 19:17:46','2022-08-15 19:17:46',NULL),(120,99,16,'2022-08-15 19:17:50','2022-08-15 19:17:50',NULL),(121,97,16,'2022-08-15 19:17:55','2022-08-15 19:17:55',NULL),(122,98,16,'2022-08-15 19:18:17','2022-08-15 19:18:17',NULL),(123,70,16,'2022-08-15 19:18:57','2022-08-15 19:18:57',NULL),(124,31,16,'2022-08-15 19:19:20','2022-08-15 19:19:20',NULL),(125,28,16,'2022-08-15 19:19:30','2022-08-15 19:19:30',NULL),(126,36,16,'2022-08-15 19:19:39','2022-08-15 19:19:39',NULL),(127,29,16,'2022-08-15 19:19:48','2022-08-15 19:19:48',NULL),(128,34,16,'2022-08-15 19:20:16','2022-08-15 19:20:16',NULL),(129,30,18,'2022-08-15 19:20:27','2022-08-15 19:20:27',NULL),(130,106,20,'2022-08-15 19:20:41','2022-08-15 19:20:41',NULL),(131,28,19,'2022-08-15 19:20:49','2022-08-15 19:20:49',NULL),(132,33,16,'2022-08-15 19:20:55','2022-08-15 19:20:55',NULL),(133,107,20,'2022-08-15 19:20:58','2022-08-15 19:20:58',NULL),(134,27,16,'2022-08-15 19:21:03','2022-08-15 19:21:03',NULL),(135,32,16,'2022-08-15 19:21:22','2022-08-15 19:21:22',NULL),(136,37,16,'2022-08-15 19:21:32','2022-08-15 19:21:32',NULL),(137,108,20,'2022-08-15 19:21:32','2022-08-15 19:21:32',NULL),(138,110,20,'2022-08-15 19:21:40','2022-08-15 19:21:40',NULL),(139,27,18,'2022-08-15 19:21:41','2022-08-15 19:21:41',NULL),(140,35,16,'2022-08-15 19:21:41','2022-08-15 19:21:41',NULL),(141,45,21,'2022-08-15 19:21:48','2022-08-15 19:21:48',NULL),(142,109,20,'2022-08-15 19:21:50','2022-08-15 19:21:50',NULL),(143,49,21,'2022-08-15 19:22:00','2022-08-15 19:22:00',NULL),(144,51,21,'2022-08-15 19:22:06','2022-08-15 19:22:06',NULL),(145,47,21,'2022-08-15 19:22:19','2022-08-15 19:22:19',NULL),(146,34,18,'2022-08-15 19:22:24','2022-08-15 19:22:24',NULL),(147,50,21,'2022-08-15 19:22:26','2022-08-15 19:22:26',NULL),(148,30,19,'2022-08-15 19:22:33','2022-08-15 19:22:33',NULL),(149,46,21,'2022-08-15 19:22:33','2022-08-15 19:22:33',NULL),(150,37,19,'2022-08-15 19:22:51','2022-08-15 19:22:51',NULL),(151,57,21,'2022-08-15 19:22:52','2022-08-15 19:22:52',NULL),(152,48,21,'2022-08-15 19:23:00','2022-08-15 19:23:00',NULL),(153,55,21,'2022-08-15 19:23:04','2022-08-15 19:23:04',NULL),(154,36,19,'2022-08-15 19:23:14','2022-08-15 19:23:14',NULL),(155,54,21,'2022-08-15 19:23:15','2022-08-15 19:23:15',NULL),(156,35,19,'2022-08-15 19:23:34','2022-08-15 19:23:34',NULL),(157,101,18,'2022-08-15 19:23:46','2022-08-15 19:23:46',NULL),(158,103,18,'2022-08-15 19:23:55','2022-08-15 19:23:55',NULL),(159,52,21,'2022-08-15 19:23:57','2022-08-15 19:23:57',NULL),(160,104,18,'2022-08-15 19:24:18','2022-08-15 19:24:18',NULL),(161,56,21,'2022-08-15 19:24:42','2022-08-15 19:24:42',NULL),(162,44,21,'2022-08-15 19:24:59','2022-08-15 19:24:59',NULL),(163,53,21,'2022-08-15 19:25:05','2022-08-15 19:25:05',NULL),(164,48,3,'2022-08-15 19:26:12','2022-08-15 19:26:12',NULL),(165,58,3,'2022-08-15 19:27:00','2022-08-15 19:27:00',NULL),(166,64,3,'2022-08-15 19:27:14','2022-08-15 19:27:14',NULL),(167,60,3,'2022-08-15 19:27:21','2022-08-15 19:27:21',NULL),(168,65,3,'2022-08-15 19:27:53','2022-08-15 19:27:53',NULL),(169,62,3,'2022-08-15 19:28:20','2022-08-15 19:28:20',NULL),(170,67,3,'2022-08-15 19:28:37','2022-08-15 19:28:37',NULL),(171,66,3,'2022-08-15 19:28:49','2022-08-15 19:28:49',NULL),(172,59,3,'2022-08-15 19:29:14','2022-08-15 19:29:14',NULL),(173,61,3,'2022-08-15 19:29:33','2022-08-15 19:29:33',NULL),(174,63,3,'2022-08-15 19:29:36','2022-08-15 19:29:36',NULL),(175,32,3,'2022-08-15 19:30:38','2022-08-15 19:30:38',NULL),(176,34,3,'2022-08-15 19:30:53','2022-08-15 19:30:53',NULL),(177,107,23,'2022-08-15 19:30:58','2022-08-15 19:30:58',NULL),(178,108,23,'2022-08-15 19:31:06','2022-08-15 19:31:06',NULL),(179,36,3,'2022-08-15 19:31:07','2022-08-15 19:31:07',NULL),(180,110,23,'2022-08-15 19:31:15','2022-08-15 19:31:15',NULL),(181,106,23,'2022-08-15 19:31:21','2022-08-15 19:31:21',NULL),(182,109,23,'2022-08-15 19:31:32','2022-08-15 19:31:32',NULL),(183,45,24,'2022-08-15 19:36:34','2022-08-15 19:36:34',NULL),(184,50,24,'2022-08-15 19:37:06','2022-08-15 19:37:06',NULL),(185,46,24,'2022-08-15 19:37:14','2022-08-15 19:37:14',NULL),(186,57,24,'2022-08-15 19:37:19','2022-08-15 19:37:19',NULL),(187,55,24,'2022-08-15 19:38:02','2022-08-15 19:38:02',NULL),(188,52,24,'2022-08-15 19:38:10','2022-08-15 19:38:10',NULL);
/*!40000 ALTER TABLE `questoes_usuarios` ENABLE KEYS */;
UNLOCK TABLES;

--
-- Table structure for table `quiz`
--

DROP TABLE IF EXISTS `quiz`;
/*!40101 SET @saved_cs_client     = @@character_set_client */;
/*!50503 SET character_set_client = utf8mb4 */;
CREATE TABLE `quiz` (
  `id_quiz` int NOT NULL AUTO_INCREMENT,
  `id_categoria` int NOT NULL,
  `id_user` int NOT NULL,
  `titulo` varchar(100) NOT NULL,
  `descricao` text,
  `created_at` timestamp NULL DEFAULT NULL,
  `updated_at` timestamp NULL DEFAULT NULL,
  `deleted_at` timestamp NULL DEFAULT NULL,
  PRIMARY KEY (`id_quiz`),
  KEY `fk_quiz_categorias_idx` (`id_categoria`),
  KEY `fk_quiz_usuarios_idx` (`id_user`),
  CONSTRAINT `fk_quiz_categorias` FOREIGN KEY (`id_categoria`) REFERENCES `categorias` (`id_categoria`),
  CONSTRAINT `fk_quiz_usuarios` FOREIGN KEY (`id_user`) REFERENCES `users` (`id`)
) ENGINE=InnoDB AUTO_INCREMENT=38 DEFAULT CHARSET=utf8mb3;
/*!40101 SET character_set_client = @saved_cs_client */;

--
-- Dumping data for table `quiz`
--

LOCK TABLES `quiz` WRITE;
/*!40000 ALTER TABLE `quiz` DISABLE KEYS */;
INSERT INTO `quiz` VALUES (8,1,1,'Todas','Olá!','2022-07-26 21:59:35','2022-08-04 16:52:34','2022-08-04 16:52:34'),(9,1,1,'Teste2','Olá','2022-07-27 22:07:33','2022-07-27 22:44:59','2022-07-27 22:44:59'),(10,1,3,'Bastante CoisaBastante CoisaBastante Coisa','aaaaaaaa','2022-08-03 19:53:32','2022-08-04 16:52:32','2022-08-04 16:52:32'),(11,1,3,'Qual Raul você seria das séries da Netflix','Apos tantas tentativas para colocar um texto aqui, acabei dando conta que nada disso é real e é tudo fake new do bolsonabo','2022-08-03 20:00:21','2022-08-04 16:37:47','2022-08-04 16:37:47'),(12,2,3,'AAA',NULL,'2022-08-04 17:19:02','2022-08-04 17:28:29','2022-08-04 17:28:29'),(13,2,3,'Teste',NULL,'2022-08-04 17:30:20','2022-08-04 17:37:50','2022-08-04 17:37:50'),(14,2,3,'Teste',NULL,'2022-08-04 17:31:41','2022-08-04 17:37:52','2022-08-04 17:37:52'),(15,3,3,'Quiz/Prova do Minecraft','Essa é um quiz/prova sobre o jogo minecraft, então se gostou mande pro seus amigos e quem sabe eu faço outra né!','2022-08-04 17:37:58','2022-08-09 19:30:21','2022-08-09 19:30:21'),(16,2,6,'Quiz da Seleção Brasileira!','Acerte o máximo possível, lembrando que os dados são de Agosto de 2022.','2022-08-04 18:45:48','2022-08-10 16:43:36','2022-08-10 16:43:36'),(17,3,9,'Homem aranha','miranha aranha aranha','2022-08-05 20:11:38','2022-08-09 19:04:23','2022-08-09 19:04:23'),(18,2,11,'Cubo magico','sla amigo','2022-08-08 17:18:51','2022-08-09 17:34:20','2022-08-09 17:34:20'),(19,2,11,'De Ladinho',NULL,'2022-08-08 19:44:00','2022-08-09 17:34:16','2022-08-09 17:34:16'),(20,2,11,'Pra baixo',NULL,'2022-08-08 19:44:25','2022-08-09 17:34:14','2022-08-09 17:34:14'),(21,2,12,'Carro','YIGIGIGIYI','2022-08-09 18:12:00','2022-08-09 18:13:11','2022-08-09 18:13:11'),(22,3,3,'Você conhece minecraft?','Nível médio, nada fora do jogo.','2022-08-09 19:34:00','2022-08-09 19:34:00',NULL),(23,2,3,'a',NULL,'2022-08-10 16:40:11','2022-08-10 16:50:05','2022-08-10 16:50:05'),(24,2,3,'b',NULL,'2022-08-10 16:40:19','2022-08-10 16:49:59','2022-08-10 16:49:59'),(25,2,3,'Teste',NULL,'2022-08-10 16:50:28','2022-08-10 17:02:20','2022-08-10 17:02:20'),(26,6,3,'Você conhece bem Stranger Things?','Heyy!, espero que gostem do quiz!\r\nPode cair:\r\nConhece bem!\r\nMais ou menos\r\nPode melhorar\r\nvocê assistiu Stranger Things?','2022-08-11 16:45:34','2022-08-11 17:20:31',NULL),(27,7,3,'Você conhece o anime SpyxFamily ?','Será que você conhece sobre o anime SpyxFamily?','2022-08-11 17:27:48','2022-08-11 19:42:04',NULL),(28,7,3,'Teste','a','2022-08-11 18:22:34','2022-08-11 18:43:54','2022-08-11 18:43:54'),(29,7,3,'A',NULL,'2022-08-11 18:44:08','2022-08-11 18:47:10','2022-08-11 18:47:10'),(30,15,3,'oLA',NULL,'2022-08-11 18:47:22','2022-08-11 18:47:28','2022-08-11 18:47:28'),(31,5,3,'Você realmente conhece os filmes da Disney?','Você realmente conhece os filmes da Disney?','2022-08-11 19:45:25','2022-08-11 19:45:25',NULL),(32,10,3,'Você conhece a Billie Eilish?','quiz pra ver se você conhece a billie! Boa sorte!','2022-08-12 17:21:43','2022-08-12 17:21:43',NULL),(33,11,3,'Você conhece o Cellbit? (2019)','2019','2022-08-12 17:49:15','2022-08-12 17:49:15',NULL),(34,3,3,'Você conhece a franquia sonic?','Você conhece?','2022-08-12 19:21:48','2022-08-12 19:21:48',NULL),(35,3,3,'O que você conhece sobre CSNS','Veja o seu conhecimento em questão do CSNO (Counter-Strike Nexon: Studio)','2022-08-12 19:36:11','2022-08-12 19:36:11',NULL),(36,12,3,'Quiz de Informática','você é bom em Informática?','2022-08-15 17:17:10','2022-08-15 17:17:10',NULL),(37,13,3,'O quanto você sabe sobre maquiagem?','Vamos ver se você é um expert em maquiagem!','2022-08-15 17:34:20','2022-08-15 17:34:20',NULL);
/*!40000 ALTER TABLE `quiz` ENABLE KEYS */;
UNLOCK TABLES;

--
-- Table structure for table `respostas`
--

DROP TABLE IF EXISTS `respostas`;
/*!40101 SET @saved_cs_client     = @@character_set_client */;
/*!50503 SET character_set_client = utf8mb4 */;
CREATE TABLE `respostas` (
  `id_resposta` int NOT NULL AUTO_INCREMENT,
  `id_questao` int NOT NULL,
  `resposta` mediumtext NOT NULL,
  `certa` float NOT NULL DEFAULT '0',
  `created_at` timestamp NULL DEFAULT NULL,
  `updated_at` timestamp NULL DEFAULT NULL,
  `deleted_at` timestamp NULL DEFAULT NULL,
  PRIMARY KEY (`id_resposta`),
  KEY `fk_respostas_erradas_questoes_idx` (`id_questao`),
  CONSTRAINT `fk_respostas_erradas_questoes` FOREIGN KEY (`id_questao`) REFERENCES `questoes` (`id_questao`)
) ENGINE=InnoDB AUTO_INCREMENT=552 DEFAULT CHARSET=utf8mb3;
/*!40101 SET character_set_client = @saved_cs_client */;

--
-- Dumping data for table `respostas`
--

LOCK TABLES `respostas` WRITE;
/*!40000 ALTER TABLE `respostas` DISABLE KEYS */;
INSERT INTO `respostas` VALUES (1,7,'Glob',0,'2022-07-26 22:38:12','2022-07-26 22:38:12',NULL),(2,7,'Globa',1,'2022-07-26 22:41:18','2022-07-26 23:05:40','2022-07-26 23:05:40'),(3,7,'Ola',1,'2022-07-26 23:05:45','2022-07-26 23:05:50','2022-07-26 23:05:50'),(4,7,'Globa',1,'2022-07-26 23:05:57','2022-07-27 22:39:12','2022-07-27 22:39:12'),(5,7,'Gliba',0,'2022-07-27 22:37:02','2022-07-27 22:37:02',NULL),(6,7,'Globinho',0,'2022-07-27 22:39:09','2022-07-27 22:39:14','2022-07-27 22:39:14'),(7,7,'Globinho',1,'2022-07-27 22:39:20','2022-07-27 22:39:20',NULL),(8,7,'Glibal',0,'2022-07-27 22:39:26','2022-07-27 22:39:26',NULL),(9,7,'Greavous',0,'2022-07-27 22:39:31','2022-07-27 22:39:31',NULL),(10,7,'Record',0,'2022-07-27 22:39:40','2022-07-27 22:39:40',NULL),(11,7,'Goblas',0,'2022-07-27 22:39:52','2022-07-27 22:39:52',NULL),(12,7,'Globas',0,'2022-07-27 22:39:56','2022-07-27 22:39:56',NULL),(13,7,'Grobinho',0,'2022-07-27 22:40:02','2022-07-27 22:40:02',NULL),(14,14,'2',1,'2022-07-27 23:02:24','2022-07-27 23:02:24',NULL),(15,14,'5',0,'2022-07-27 23:02:31','2022-07-27 23:02:31',NULL),(16,14,'0',0,'2022-07-27 23:02:36','2022-07-27 23:02:36',NULL),(17,14,'7',0,'2022-07-27 23:02:40','2022-07-27 23:02:40',NULL),(18,14,'6',0,'2022-07-27 23:02:43','2022-07-27 23:02:43',NULL),(19,14,'9',0,'2022-07-27 23:02:46','2022-07-27 23:02:46',NULL),(20,15,'1',1,'2022-08-03 17:19:01','2022-08-03 17:19:01',NULL),(21,15,'2',0,'2022-08-03 17:19:03','2022-08-03 17:19:03',NULL),(22,15,'3',0,'2022-08-03 17:19:06','2022-08-03 17:19:06',NULL),(23,15,'4',0,'2022-08-03 17:19:09','2022-08-03 17:19:09',NULL),(24,15,'5',0,'2022-08-03 17:19:15','2022-08-03 17:19:15',NULL),(25,16,'e',1,'2022-08-03 17:45:21','2022-08-03 17:45:21',NULL),(26,16,'f',0,'2022-08-03 17:45:23','2022-08-03 17:45:23',NULL),(27,16,'i',0,'2022-08-03 17:45:27','2022-08-03 17:45:27',NULL),(28,16,'o',0,'2022-08-03 17:45:29','2022-08-03 17:45:29',NULL),(29,16,'g',0,'2022-08-03 17:45:32','2022-08-03 17:45:32',NULL),(30,16,'v',0,'2022-08-03 17:45:35','2022-08-03 17:45:35',NULL),(31,16,'z',0,'2022-08-03 17:45:38','2022-08-03 17:45:38',NULL),(32,16,'c',0,'2022-08-03 17:45:41','2022-08-03 17:45:41',NULL),(33,16,'h',0,'2022-08-03 17:45:47','2022-08-03 17:45:47',NULL),(34,16,'d',0,'2022-08-03 17:45:58','2022-08-03 17:45:58',NULL),(35,17,'Html',1,'2022-08-04 16:38:24','2022-08-04 16:38:24',NULL),(36,17,'Css',0,'2022-08-04 16:38:29','2022-08-04 16:38:29',NULL),(37,17,'PHP',0,'2022-08-04 16:39:01','2022-08-04 16:39:01',NULL),(38,17,'JavaScript',0,'2022-08-04 16:39:06','2022-08-04 16:39:06',NULL),(39,17,'Python',0,'2022-08-04 16:39:32','2022-08-04 16:39:32',NULL),(40,17,'VueJs',0,'2022-08-04 16:39:45','2022-08-04 16:39:45',NULL),(41,17,'MySQL',0,'2022-08-04 16:39:52','2022-08-04 16:39:52',NULL),(42,17,'MariaDB',0,'2022-08-04 16:39:58','2022-08-04 16:39:58',NULL),(43,17,'HostWeb',0,'2022-08-04 16:40:10','2022-08-04 16:40:10',NULL),(44,20,'CaveGame',1,'2022-08-04 17:54:35','2022-08-04 17:54:35',NULL),(45,20,'SuperCraft Games',0,'2022-08-04 17:55:45','2022-08-04 17:55:45',NULL),(46,20,'Minecraft Dungeons',0,'2022-08-04 17:55:56','2022-08-04 17:55:56',NULL),(47,20,'Craft Games',0,'2022-08-04 17:56:07','2022-08-04 17:56:07',NULL),(48,20,'MineWorld',0,'2022-08-04 17:56:15','2022-08-04 17:56:15',NULL),(49,21,'2',1,'2022-08-04 18:46:11','2022-08-04 18:46:11',NULL),(50,21,'1',0,'2022-08-04 18:46:14','2022-08-04 18:46:14',NULL),(51,21,'3',0,'2022-08-04 18:46:17','2022-08-04 18:46:17',NULL),(52,21,'4',0,'2022-08-04 18:46:19','2022-08-04 18:46:19',NULL),(53,21,'5',0,'2022-08-04 18:46:21','2022-08-04 18:46:21',NULL),(54,21,'6',0,'2022-08-04 18:46:24','2022-08-04 18:46:24',NULL),(55,21,'0',0,'2022-08-04 18:46:27','2022-08-04 18:46:27',NULL),(56,22,'2',1,'2022-08-04 18:46:47','2022-08-04 18:46:47',NULL),(57,22,'1',0,'2022-08-04 18:46:49','2022-08-04 18:46:49',NULL),(58,22,'0',0,'2022-08-04 18:46:52','2022-08-04 18:46:52',NULL),(59,22,'3',0,'2022-08-04 18:46:56','2022-08-04 18:46:56',NULL),(60,22,'4',0,'2022-08-04 18:46:58','2022-08-04 18:46:58',NULL),(61,22,'5',0,'2022-08-04 18:47:00','2022-08-04 18:47:00',NULL),(62,22,'7',0,'2022-08-04 18:47:03','2022-08-04 18:47:03',NULL),(63,23,'58,62,70,94,2002',1,'2022-08-04 18:48:42','2022-08-04 18:48:42',NULL),(64,23,'50,66,70,94,2002',0,'2022-08-04 18:48:48','2022-08-04 18:48:48',NULL),(65,23,'58,66,74,98,2006',0,'2022-08-04 18:48:58','2022-08-04 18:48:58',NULL),(66,23,'54,62,74,94,2014',0,'2022-08-04 18:49:01','2022-08-04 18:49:01',NULL),(67,23,'54,62,74,94,2016',0,'2022-08-04 18:49:06','2022-08-04 18:49:09','2022-08-04 18:49:09'),(68,23,'54,62,74,90,2014',0,'2022-08-04 18:49:15','2022-08-04 18:49:15',NULL),(69,23,'54,62,70,90,2018',0,'2022-08-04 18:49:24','2022-08-04 18:49:24',NULL),(70,24,'Guilherme Rios',0,'2022-08-05 20:12:01','2022-08-05 20:12:01',NULL),(71,24,'Richard Monteiro',0,'2022-08-05 20:12:12','2022-08-05 20:12:12',NULL),(72,24,'Adam West',0,'2022-08-05 20:12:29','2022-08-05 20:12:29',NULL),(73,24,'Lee Manga',0,'2022-08-05 20:12:50','2022-08-05 20:12:50',NULL),(74,24,'Stan Lee',1,'2022-08-05 20:12:57','2022-08-05 20:12:57',NULL),(75,24,'Stan Lee',0,'2022-08-05 20:13:24','2022-08-05 20:13:30','2022-08-05 20:13:30'),(76,25,'43 252 003 274 489 856 000',1,'2022-08-08 17:19:26','2022-08-08 17:19:26',NULL),(77,25,'43 233 113 274 489 899 999',0,'2022-08-08 17:20:00','2022-08-08 17:20:00',NULL),(78,25,'43 252 003 274 489 856 001',0,'2022-08-08 17:20:16','2022-08-08 17:20:16',NULL),(79,25,'49 252 003 233 489 856 001',0,'2022-08-08 17:20:36','2022-08-08 17:20:36',NULL),(80,25,'43 252 003 274 489 789 001',0,'2022-08-08 17:20:57','2022-08-08 17:20:57',NULL),(81,27,'1.7.10',1,'2022-08-09 19:34:18','2022-08-09 19:34:18',NULL),(82,27,'1.8',0,'2022-08-09 19:34:24','2022-08-09 19:34:24',NULL),(83,27,'1.9',0,'2022-08-09 19:34:30','2022-08-09 19:34:30',NULL),(84,27,'1.6.4',0,'2022-08-09 19:34:35','2022-08-09 19:34:35',NULL),(85,27,'1.8.9',0,'2022-08-09 19:34:39','2022-08-09 19:34:39',NULL),(86,27,'1.12.2',0,'2022-08-09 19:34:44','2022-08-09 19:34:44',NULL),(87,27,'1.16.4',0,'2022-08-09 19:34:49','2022-08-09 19:34:49',NULL),(88,27,'1.19',0,'2022-08-09 19:34:53','2022-08-09 19:34:53',NULL),(89,27,'1.10.2',0,'2022-08-09 19:35:01','2022-08-09 19:35:01',NULL),(90,28,'Porco',1,'2022-08-09 19:36:57','2022-08-09 19:36:57',NULL),(91,28,'Ovelha',0,'2022-08-09 19:37:01','2022-08-09 19:37:01',NULL),(92,28,'Enderman',0,'2022-08-09 19:37:07','2022-08-09 19:37:07',NULL),(93,28,'Warden',0,'2022-08-09 19:37:11','2022-08-09 19:37:11',NULL),(94,28,'Vaca',0,'2022-08-09 19:37:16','2022-08-09 19:37:16',NULL),(95,28,'Steve',0,'2022-08-09 19:37:23','2022-08-09 19:37:23',NULL),(96,28,'Alex',0,'2022-08-09 19:37:31','2022-08-09 19:37:31',NULL),(97,28,'Herobrine',0,'2022-08-09 19:37:35','2022-08-09 19:37:35',NULL),(98,29,'1.14',1,'2022-08-09 19:50:17','2022-08-09 19:50:17',NULL),(99,29,'1.18',0,'2022-08-09 19:50:23','2022-08-09 19:50:23',NULL),(100,29,'1.12',0,'2022-08-09 19:50:27','2022-08-09 19:50:27',NULL),(101,29,'1.9',0,'2022-08-09 19:50:31','2022-08-09 19:50:31',NULL),(102,29,'1.17',0,'2022-08-09 19:50:39','2022-08-09 19:50:39',NULL),(103,29,'1.7',0,'2022-08-09 19:50:43','2022-08-09 19:50:43',NULL),(104,29,'1.6',0,'2022-08-09 19:50:47','2022-08-09 19:50:47',NULL),(105,29,'1.10',0,'2022-08-09 19:51:01','2022-08-09 19:51:01',NULL),(106,29,'1.19',0,'2022-08-09 19:51:20','2022-08-09 19:51:20',NULL),(107,30,'Warden',0,'2022-08-09 19:52:11','2022-08-09 19:52:11',NULL),(108,30,'Creeper Carregado',1,'2022-08-09 19:52:21','2022-08-09 19:52:21',NULL),(109,30,'Creeper',0,'2022-08-09 19:52:27','2022-08-09 19:52:27',NULL),(110,30,'Enderman',0,'2022-08-09 19:52:31','2022-08-09 19:52:31',NULL),(111,30,'Zombie',0,'2022-08-09 19:52:40','2022-08-09 19:52:53','2022-08-09 19:52:53'),(112,30,'Zombi Villager',0,'2022-08-09 19:52:47','2022-08-09 19:53:00','2022-08-09 19:53:00'),(113,30,'Zumbi',0,'2022-08-09 19:52:57','2022-08-09 19:52:57',NULL),(114,30,'Zumbi Aldeão',0,'2022-08-09 19:53:15','2022-08-09 19:53:15',NULL),(115,30,'Afogado',0,'2022-08-09 19:53:20','2022-08-09 19:53:20',NULL),(116,30,'Lobo',0,'2022-08-09 19:53:29','2022-08-09 19:53:29',NULL),(117,31,'12',1,'2022-08-09 19:53:47','2022-08-09 19:53:50','2022-08-09 19:53:50'),(118,31,'11',1,'2022-08-09 19:53:54','2022-08-09 19:53:54',NULL),(119,31,'14',0,'2022-08-09 19:53:58','2022-08-09 19:53:58',NULL),(120,31,'12',0,'2022-08-09 19:54:01','2022-08-09 19:54:01',NULL),(121,31,'8',0,'2022-08-09 19:54:03','2022-08-09 19:54:03',NULL),(122,31,'4',0,'2022-08-09 19:54:06','2022-08-09 19:54:06',NULL),(123,31,'15',0,'2022-08-09 19:54:11','2022-08-09 19:54:11',NULL),(124,31,'19',0,'2022-08-09 19:54:14','2022-08-09 19:54:14',NULL),(125,31,'25',0,'2022-08-09 19:54:17','2022-08-09 19:54:17',NULL),(126,31,'123',0,'2022-08-09 19:54:20','2022-08-09 19:54:20',NULL),(127,31,'142',0,'2022-08-09 19:54:24','2022-08-09 19:54:24',NULL),(128,31,'10',0,'2022-08-09 19:54:29','2022-08-09 19:54:29',NULL),(129,32,'Minério De Redstone',1,'2022-08-09 19:55:11','2022-08-09 19:55:11',NULL),(130,32,'Lampada',0,'2022-08-09 19:55:17','2022-08-09 19:55:17',NULL),(131,32,'Tocha',0,'2022-08-09 19:55:21','2022-08-09 19:55:21',NULL),(132,32,'Bloco de Redstone',0,'2022-08-09 19:55:27','2022-08-09 19:55:27',NULL),(133,32,'Pistão',0,'2022-08-09 19:55:31','2022-08-09 19:55:31',NULL),(134,32,'Glowstone',0,'2022-08-09 19:55:35','2022-08-09 19:55:35',NULL),(135,32,'Lanterna de Redstone',0,'2022-08-09 19:55:41','2022-08-09 19:55:41',NULL),(136,32,'Placa de Pressão',0,'2022-08-09 19:55:55','2022-08-09 19:55:55',NULL),(137,33,'1.15',1,'2022-08-09 19:56:12','2022-08-09 19:56:12',NULL),(138,33,'1.16',0,'2022-08-09 19:56:15','2022-08-09 19:56:15',NULL),(139,33,'1.14',0,'2022-08-09 19:56:19','2022-08-09 19:56:19',NULL),(140,33,'1.18',0,'2022-08-09 19:56:23','2022-08-09 19:56:23',NULL),(141,33,'1.17',0,'2022-08-09 19:56:26','2022-08-09 19:56:26',NULL),(142,33,'1.13',0,'2022-08-09 19:56:32','2022-08-09 19:56:32',NULL),(143,33,'1.12',0,'2022-08-09 19:56:36','2022-08-09 19:56:36',NULL),(144,33,'1.10',0,'2022-08-09 19:56:40','2022-08-09 19:56:40',NULL),(145,33,'1.9',0,'2022-08-09 19:56:55','2022-08-09 19:56:55',NULL),(146,33,'1.19',0,'2022-08-09 19:57:02','2022-08-09 19:57:02',NULL),(147,34,'Cacto',1,'2022-08-09 19:57:46','2022-08-09 19:57:46',NULL),(148,34,'Lava',0,'2022-08-09 19:57:52','2022-08-09 19:57:52',NULL),(149,34,'Explosão',0,'2022-08-09 19:57:56','2022-08-09 19:57:56',NULL),(150,34,'Void',0,'2022-08-09 19:58:03','2022-08-09 19:58:03',NULL),(151,34,'Fogo',0,'2022-08-09 19:58:14','2022-08-09 19:58:14',NULL),(152,34,'Dano de Queda',0,'2022-08-09 19:58:20','2022-08-09 19:58:20',NULL),(153,35,'Uma Cruz no Chão',1,'2022-08-09 19:58:51','2022-08-09 19:58:51',NULL),(154,35,'Barulho na caverna',0,'2022-08-09 19:58:56','2022-08-09 19:58:56',NULL),(155,35,'Chuva Constante',0,'2022-08-09 19:59:02','2022-08-09 19:59:02',NULL),(156,35,'Chuva Constante + Trovoadas',0,'2022-08-09 19:59:13','2022-08-09 19:59:13',NULL),(157,35,'Esqueletos encima de Cavalos Esqueletos',0,'2022-08-09 19:59:29','2022-08-09 19:59:29',NULL),(158,35,'Herobrine não existe',0,'2022-08-09 19:59:43','2022-08-09 19:59:43',NULL),(159,35,'Itens desaparecendo',0,'2022-08-09 20:00:02','2022-08-09 20:00:02',NULL),(160,35,'Items que não são seus dropados de noite',0,'2022-08-09 20:00:18','2022-08-09 20:00:18',NULL),(161,36,'Slime Gigante',1,'2022-08-09 20:00:43','2022-08-09 20:00:43',NULL),(162,36,'Ender Dragon',0,'2022-08-09 20:00:53','2022-08-09 20:00:53',NULL),(163,36,'Zumbi Gigante',0,'2022-08-09 20:00:58','2022-08-09 20:00:58',NULL),(164,36,'Herobrine',0,'2022-08-09 20:01:05','2022-08-09 20:01:05',NULL),(165,36,'Iron Golem',0,'2022-08-09 20:01:10','2022-08-09 20:01:10',NULL),(166,36,'Afogado Gigante',0,'2022-08-09 20:01:14','2022-08-09 20:01:14',NULL),(167,36,'Galinha',0,'2022-08-09 20:01:18','2022-08-09 20:01:18',NULL),(168,36,'Vaca',0,'2022-08-09 20:01:21','2022-08-09 20:01:21',NULL),(169,36,'EnderDragon Gigante',0,'2022-08-09 20:01:32','2022-08-09 20:01:32',NULL),(170,36,'Enderman',0,'2022-08-09 20:01:36','2022-08-09 20:01:36',NULL),(171,37,'Zombie montado em cavalo',1,'2022-08-09 20:07:37','2022-08-09 20:07:37',NULL),(172,37,'Esqueleto montado em cavalo',0,'2022-08-09 20:07:50','2022-08-09 20:07:50',NULL),(173,37,'Coelho Assasino',0,'2022-08-09 20:07:56','2022-08-09 20:07:56',NULL),(174,37,'Guardião do Mar',0,'2022-08-09 20:08:02','2022-08-09 20:08:02',NULL),(175,37,'Baiacu',0,'2022-08-09 20:08:06','2022-08-09 20:08:06',NULL),(176,37,'Abelhas',0,'2022-08-09 20:08:12','2022-08-09 20:08:12',NULL),(177,37,'Sapos',0,'2022-08-09 20:08:20','2022-08-09 20:08:20',NULL),(178,37,'Guardiões',0,'2022-08-09 20:08:26','2022-08-09 20:08:26',NULL),(179,37,'Golems',0,'2022-08-09 20:08:31','2022-08-09 20:08:31',NULL),(180,44,'34',1,'2022-08-11 16:46:02','2022-08-11 16:46:02',NULL),(181,44,'42',0,'2022-08-11 16:46:06','2022-08-11 16:46:06',NULL),(182,44,'28',0,'2022-08-11 16:46:12','2022-08-11 16:46:12',NULL),(183,44,'26',0,'2022-08-11 16:46:17','2022-08-11 16:46:17',NULL),(184,44,'22',0,'2022-08-11 16:46:20','2022-08-11 16:46:20',NULL),(185,44,'32',0,'2022-08-11 16:57:54','2022-08-11 16:57:54',NULL),(186,44,'36',0,'2022-08-11 16:57:56','2022-08-11 16:57:56',NULL),(187,44,'40',0,'2022-08-11 16:58:00','2022-08-11 16:58:00',NULL),(188,45,'Barbara',1,'2022-08-11 16:58:33','2022-08-11 16:58:33',NULL),(189,45,'Will',0,'2022-08-11 16:58:37','2022-08-11 16:58:37',NULL),(190,45,'Mike',0,'2022-08-11 16:58:43','2022-08-11 16:58:43',NULL),(191,45,'Eleven',0,'2022-08-11 16:58:51','2022-08-11 16:58:51',NULL),(192,45,'Lucas',0,'2022-08-11 16:59:33','2022-08-11 16:59:33',NULL),(193,45,'Dustin',0,'2022-08-11 16:59:37','2022-08-11 16:59:37',NULL),(194,45,'Steve',0,'2022-08-11 16:59:43','2022-08-11 16:59:43',NULL),(195,46,'1° Temporada',0,'2022-08-11 17:01:12','2022-08-11 17:01:12',NULL),(196,46,'2° Temporada',0,'2022-08-11 17:01:15','2022-08-11 17:01:15',NULL),(197,46,'3° Temporada',1,'2022-08-11 17:01:21','2022-08-11 17:01:21',NULL),(198,46,'4° Temporada',0,'2022-08-11 17:01:24','2022-08-11 17:01:24',NULL),(199,46,'5° Temporada',0,'2022-08-11 17:01:27','2022-08-11 17:01:27',NULL),(200,46,'6° Temporada',0,'2022-08-11 17:01:35','2022-08-11 17:01:35',NULL),(201,47,'Dustin',1,'2022-08-11 17:02:05','2022-08-11 17:03:31','2022-08-11 17:03:31'),(202,47,'Eleven',0,'2022-08-11 17:02:10','2022-08-11 17:03:34','2022-08-11 17:03:34'),(203,47,'Lucas',0,'2022-08-11 17:02:19','2022-08-11 17:02:19',NULL),(204,47,'Steve',0,'2022-08-11 17:02:22','2022-08-11 17:02:22',NULL),(205,47,'Chapolim Colorado',0,'2022-08-11 17:02:50','2022-08-11 17:02:50',NULL),(206,47,'Mundo Invertido',0,'2022-08-11 17:03:01','2022-08-11 17:03:01',NULL),(207,47,'Barbara',0,'2022-08-11 17:03:05','2022-08-11 17:03:05',NULL),(208,47,'Max',0,'2022-08-11 17:03:16','2022-08-11 17:03:16',NULL),(209,47,'Vecna',0,'2022-08-11 17:03:20','2022-08-11 17:03:20',NULL),(210,47,'Eleven',1,'2022-08-11 17:03:39','2022-08-11 17:03:39',NULL),(211,47,'Dustin',0,'2022-08-11 17:03:45','2022-08-11 17:03:45',NULL),(212,48,'Já foi confirmada pelos criadores',1,'2022-08-11 17:04:19','2022-08-11 17:04:19',NULL),(213,48,'Não, infelizmente',0,'2022-08-11 17:04:27','2022-08-11 17:04:27',NULL),(214,48,'Não sei',0,'2022-08-11 17:04:33','2022-08-11 17:04:33',NULL),(215,48,'Depende do humor da atriz da eleven',0,'2022-08-11 17:04:48','2022-08-11 17:04:48',NULL),(216,48,'Mentira',0,'2022-08-11 17:04:55','2022-08-11 17:04:55',NULL),(217,48,'Oque é Stranger Things?',0,'2022-08-11 17:05:06','2022-08-11 17:05:06',NULL),(218,49,'Já, porque o mike mentiu para a eleven',1,'2022-08-11 17:05:44','2022-08-11 17:05:44',NULL),(219,49,'Nunca, eles se amam',0,'2022-08-11 17:05:52','2022-08-11 17:05:52',NULL),(220,49,'Já, eles brigam muito, mas se amam muito na verdade',0,'2022-08-11 17:06:12','2022-08-11 17:06:12',NULL),(221,49,'Já, eles brigam muito, mas se amam muito na verdade',0,'2022-08-11 17:06:13','2022-08-11 17:06:18','2022-08-11 17:06:18'),(222,49,'Eles brigam todos os dias de ações de graças',0,'2022-08-11 17:06:33','2022-08-11 17:06:33',NULL),(223,49,'Eles fingiam que brigavam para gerar mais publico',0,'2022-08-11 17:06:47','2022-08-11 17:06:47',NULL),(224,49,'Nunca brigaram, é tudo mentira da globo',0,'2022-08-11 17:06:58','2022-08-11 17:06:58',NULL),(225,50,'Sim',1,'2022-08-11 17:07:25','2022-08-11 17:07:25',NULL),(226,50,'Não',0,'2022-08-11 17:07:32','2022-08-11 17:07:32',NULL),(227,50,'Vão namorar',0,'2022-08-11 17:07:54','2022-08-11 17:07:54',NULL),(228,50,'Já foram casados',0,'2022-08-11 17:08:01','2022-08-11 17:08:01',NULL),(229,50,'Eles tem um filho mas estão separados',0,'2022-08-11 17:08:09','2022-08-11 17:08:09',NULL),(230,50,'O Steve não deixou',0,'2022-08-11 17:08:19','2022-08-11 17:08:19',NULL),(231,51,'1° Temporada',0,'2022-08-11 17:08:52','2022-08-11 17:08:52',NULL),(232,51,'2° Temporada',1,'2022-08-11 17:08:58','2022-08-11 17:08:58',NULL),(233,51,'3° Temporada',0,'2022-08-11 17:09:01','2022-08-11 17:09:01',NULL),(234,51,'4° Temporada',0,'2022-08-11 17:09:04','2022-08-11 17:09:04',NULL),(235,51,'5° Temporada',0,'2022-08-11 17:09:08','2022-08-11 17:09:08',NULL),(236,51,'6° Temporada',0,'2022-08-11 17:09:12','2022-08-11 17:09:12',NULL),(237,52,'Should I Stay Or Should I Go',0,'2022-08-11 17:09:59','2022-08-11 17:09:59',NULL),(238,52,'Time After Time',1,'2022-08-11 17:10:09','2022-08-11 17:10:33','2022-08-11 17:10:33'),(239,52,'Running up that hill',0,'2022-08-11 17:10:15','2022-08-11 17:10:43','2022-08-11 17:10:43'),(240,52,'Time After Time',0,'2022-08-11 17:10:29','2022-08-11 17:10:29',NULL),(241,52,'Running up that hill',1,'2022-08-11 17:10:36','2022-08-11 17:10:36',NULL),(242,52,'South Park',0,'2022-08-11 17:10:54','2022-08-11 17:10:54',NULL),(243,52,'Aquarela',0,'2022-08-11 17:13:07','2022-08-11 17:13:07',NULL),(244,52,'Happy Birthday to You',0,'2022-08-11 17:14:40','2022-08-11 17:14:40',NULL),(245,53,'Lucas',1,'2022-08-11 17:15:10','2022-08-11 17:15:10',NULL),(246,53,'Lucas',1,'2022-08-11 17:15:10','2022-08-11 17:15:18','2022-08-11 17:15:18'),(247,53,'Will',0,'2022-08-11 17:15:14','2022-08-11 17:15:14',NULL),(248,53,'Mike',0,'2022-08-11 17:15:22','2022-08-11 17:15:22',NULL),(249,53,'Steve',0,'2022-08-11 17:15:27','2022-08-11 17:15:27',NULL),(250,53,'Dustin',0,'2022-08-11 17:15:31','2022-08-11 17:15:31',NULL),(251,53,'Max',0,'2022-08-11 17:15:36','2022-08-11 17:15:36',NULL),(252,54,'Mike',1,'2022-08-11 17:16:08','2022-08-11 17:16:08',NULL),(253,54,'Dustin',0,'2022-08-11 17:16:14','2022-08-11 17:16:14',NULL),(254,54,'Lucas',0,'2022-08-11 17:16:20','2022-08-11 17:16:20',NULL),(255,54,'Will',0,'2022-08-11 17:16:24','2022-08-11 17:16:24',NULL),(256,54,'Eleven',0,'2022-08-11 17:16:28','2022-08-11 17:16:28',NULL),(257,54,'Rodrigo Faro',0,'2022-08-11 17:16:33','2022-08-11 17:16:33',NULL),(258,55,'1° Temporada',0,'2022-08-11 17:16:58','2022-08-11 17:17:01','2022-08-11 17:17:01'),(259,55,'1° Temporada',1,'2022-08-11 17:17:07','2022-08-11 17:17:07',NULL),(260,55,'2° Temporada',0,'2022-08-11 17:17:10','2022-08-11 17:17:10',NULL),(261,55,'3° Temporada',0,'2022-08-11 17:17:13','2022-08-11 17:17:13',NULL),(262,55,'4° Temporada',0,'2022-08-11 17:17:18','2022-08-11 17:17:18',NULL),(263,55,'5° Temporada',0,'2022-08-11 17:17:22','2022-08-11 17:17:22',NULL),(264,55,'6° Temporada',0,'2022-08-11 17:17:25','2022-08-11 17:17:25',NULL),(265,56,'Não, mas não quer magoar ele',1,'2022-08-11 17:18:14','2022-08-11 17:18:14',NULL),(266,56,'Sim, eles se ama mais do que tudo nesse mundo',0,'2022-08-11 17:18:26','2022-08-11 17:18:26',NULL),(267,56,'Sempre',0,'2022-08-11 17:18:39','2022-08-11 17:18:39',NULL),(268,56,'Vão se casar',0,'2022-08-11 17:18:49','2022-08-11 17:18:49',NULL),(269,56,'Ela gosta, mas tem vergonha',0,'2022-08-11 17:19:03','2022-08-11 17:19:03',NULL),(270,56,'Sim, mas ela tem medo do que o Steve pode achar dela',0,'2022-08-11 17:19:18','2022-08-11 17:19:18',NULL),(271,57,'Max',1,'2022-08-11 17:19:42','2022-08-11 17:19:42',NULL),(272,57,'Nancy',0,'2022-08-11 17:19:47','2022-08-11 17:19:47',NULL),(273,57,'Mãe do Will',0,'2022-08-11 17:19:54','2022-08-11 17:19:54',NULL),(274,57,'Barbara',0,'2022-08-11 17:19:59','2022-08-11 17:19:59',NULL),(275,57,'Mãe do Mike',0,'2022-08-11 17:20:05','2022-08-11 17:20:05',NULL),(276,58,'cookie',0,'2022-08-11 17:28:32','2022-08-11 17:28:32',NULL),(277,58,'Cenoura',0,'2022-08-11 17:28:45','2022-08-11 17:28:45',NULL),(278,58,'Chocolate',0,'2022-08-11 17:29:01','2022-08-11 17:29:01',NULL),(279,58,'Amendoim',1,'2022-08-11 17:29:15','2022-08-11 17:29:15',NULL),(280,58,'Omelete',0,'2022-08-11 17:29:28','2022-08-11 17:29:28',NULL),(281,58,'Morango',0,'2022-08-11 17:29:38','2022-08-11 17:29:38',NULL),(282,58,'Doces',0,'2022-08-11 17:30:22','2022-08-11 17:30:22',NULL),(283,59,'Bechy',1,'2022-08-11 17:33:01','2022-08-11 17:33:01',NULL),(284,59,'Emile',0,'2022-08-11 17:33:10','2022-08-11 17:33:10',NULL),(285,59,'Damian',0,'2022-08-11 17:33:22','2022-08-11 17:33:22',NULL),(286,59,'Ewen',0,'2022-08-11 17:33:41','2022-08-11 17:33:41',NULL),(287,60,'Twilight',0,'2022-08-11 17:34:52','2022-08-11 17:34:52',NULL),(288,60,'informante do Twilight',0,'2022-08-11 17:35:07','2022-08-11 17:35:07',NULL),(289,60,'Diretor de escola',0,'2022-08-11 17:35:35','2022-08-11 17:35:35',NULL),(290,60,'O principal alvo da missão',0,'2022-08-11 17:36:00','2022-08-11 17:36:00',NULL),(291,60,'Irmão da Yor',1,'2022-08-11 17:36:22','2022-08-11 17:36:22',NULL),(292,61,'Tomate',0,'2022-08-11 17:37:05','2022-08-11 17:37:05',NULL),(293,61,'Amendoim',0,'2022-08-11 17:37:14','2022-08-11 17:37:14',NULL),(294,61,'Omelete',0,'2022-08-11 17:37:21','2022-08-11 17:37:21',NULL),(295,61,'Cenoura',1,'2022-08-11 17:37:33','2022-08-11 17:37:33',NULL),(296,61,'Chocolate',0,'2022-08-11 17:37:56','2022-08-11 17:37:56',NULL),(297,61,'Castanha',0,'2022-08-11 17:38:21','2022-08-11 17:38:21',NULL),(298,62,'Camila, Sharon e Sylvia',0,'2022-08-11 17:39:15','2022-08-11 17:39:15',NULL),(299,62,'Sylvia, Fiona e Camila',0,'2022-08-11 17:39:47','2022-08-11 17:39:47',NULL),(300,62,'Camila, Millie e Sharon',0,'2022-08-11 17:40:05','2022-08-11 17:41:07','2022-08-11 17:41:07'),(301,62,'Millie, Camila e Sylvia?',1,'2022-08-11 17:40:25','2022-08-11 17:40:55','2022-08-11 17:40:55'),(302,62,'Millie, Camila e Sylvia?',0,'2022-08-11 17:40:52','2022-08-11 17:40:52',NULL),(303,62,'Camila, Millie e Sharon',1,'2022-08-11 17:41:03','2022-08-11 17:41:03',NULL),(304,63,'Anya Williams, Anya Levski, Anya Roche',1,'2022-08-11 17:42:15','2022-08-11 17:42:15',NULL),(305,63,'Anya Willians, Anya Desmond, Anya Roche',0,'2022-08-11 17:43:00','2022-08-11 17:43:00',NULL),(306,63,'Anya Willians, Anya Desmond',0,'2022-08-11 17:43:23','2022-08-11 17:43:23',NULL),(307,63,'Anya Levski, Anya Roche',0,'2022-08-11 17:43:33','2022-08-11 17:43:33',NULL),(308,63,'Anya Willians, Anya Desmond, Anya Roke',0,'2022-08-11 17:43:54','2022-08-11 17:43:54',NULL),(309,64,'Deixa ela mais simpática',0,'2022-08-11 17:44:42','2022-08-11 17:44:42',NULL),(310,64,'Ela até gosta de vestido mais prefere vestidos roxos',0,'2022-08-11 17:45:02','2022-08-11 17:45:02',NULL),(311,64,'Ela não gosta de vestidos!',0,'2022-08-11 17:45:23','2022-08-11 17:45:23',NULL),(312,64,'Realça seus olhos',0,'2022-08-11 17:45:42','2022-08-11 17:45:42',NULL),(313,64,'Disfarça as marcas de sangue',1,'2022-08-11 17:46:04','2022-08-11 17:46:04',NULL),(314,64,'Deixa ela mais elegante',0,'2022-08-11 17:46:17','2022-08-11 17:46:17',NULL),(315,65,'Bondman',0,'2022-08-11 17:46:57','2022-08-11 17:47:59','2022-08-11 17:47:59'),(316,65,'Bomberman',0,'2022-08-11 17:47:13','2022-08-11 17:47:13',NULL),(317,65,'Twilight',0,'2022-08-11 17:47:25','2022-08-11 17:47:25',NULL),(318,65,'Agente 092',1,'2022-08-11 17:47:35','2022-08-11 17:47:47','2022-08-11 17:47:47'),(319,65,'Agente 092',0,'2022-08-11 17:47:44','2022-08-11 17:47:44',NULL),(320,65,'Bondman',1,'2022-08-11 17:47:56','2022-08-11 17:47:56',NULL),(321,66,'Marin',1,'2022-08-11 17:48:50','2022-08-11 17:49:40','2022-08-11 17:49:40'),(322,66,'Karen',0,'2022-08-11 17:49:06','2022-08-11 17:49:53','2022-08-11 17:49:53'),(323,66,'Lauren',0,'2022-08-11 17:49:15','2022-08-11 17:49:15',NULL),(324,66,'Karem',0,'2022-08-11 17:49:36','2022-08-11 17:49:36',NULL),(325,66,'Marin',0,'2022-08-11 17:49:50','2022-08-11 17:49:50',NULL),(326,66,'Karen',1,'2022-08-11 17:50:01','2022-08-11 17:50:01',NULL),(327,67,'3',0,'2022-08-11 17:50:45','2022-08-11 17:50:45',NULL),(328,67,'6',1,'2022-08-11 17:50:52','2022-08-11 17:50:52',NULL),(329,67,'5',0,'2022-08-11 17:50:56','2022-08-11 17:50:56',NULL),(330,67,'4',0,'2022-08-11 17:51:01','2022-08-11 17:51:01',NULL),(331,67,'7',0,'2022-08-11 17:51:08','2022-08-11 17:51:08',NULL),(332,67,'8',0,'2022-08-11 17:51:13','2022-08-11 17:51:13',NULL),(333,68,'Cinderela',0,'2022-08-11 19:47:14','2022-08-11 19:47:14',NULL),(334,68,'Ariel',1,'2022-08-11 19:47:24','2022-08-11 19:47:24',NULL),(335,68,'Branca de Neve',0,'2022-08-11 19:48:31','2022-08-11 19:48:31',NULL),(336,68,'Alice',0,'2022-08-11 19:48:59','2022-08-11 19:48:59',NULL),(337,68,'Tinker Bell',0,'2022-08-11 19:49:15','2022-08-11 19:49:15',NULL),(338,69,'Bandido baixinho',0,'2022-08-11 19:56:06','2022-08-11 19:56:06',NULL),(339,69,'Vlad',0,'2022-08-11 19:56:26','2022-08-11 19:56:26',NULL),(340,69,'Gancho',0,'2022-08-11 19:56:58','2022-08-11 19:56:58',NULL),(341,69,'Flynn Rider',1,'2022-08-11 19:57:13','2022-08-11 19:57:13',NULL),(342,69,'Tangled',0,'2022-08-11 19:57:45','2022-08-11 19:57:45',NULL),(343,70,'Mortimer',1,'2022-08-11 20:01:08','2022-08-11 20:01:08',NULL),(344,70,'Mortymer',0,'2022-08-11 20:01:45','2022-08-11 20:01:45',NULL),(345,70,'Murtimer',0,'2022-08-11 20:02:10','2022-08-11 20:02:10',NULL),(346,70,'Murtymer',0,'2022-08-11 20:02:25','2022-08-11 20:02:25',NULL),(347,70,'Murtymeer',0,'2022-08-11 20:02:51','2022-08-11 20:02:51',NULL),(348,71,'A Branca de Neve e os Sete Anões',1,'2022-08-11 20:04:56','2022-08-11 20:04:56',NULL),(349,71,'Pinóquio',0,'2022-08-11 20:05:55','2022-08-11 20:05:55',NULL),(350,71,'Fantasia',0,'2022-08-11 20:06:04','2022-08-11 20:06:04',NULL),(351,71,'Dumbo',0,'2022-08-11 20:06:12','2022-08-11 20:06:12',NULL),(352,71,'Bambi',0,'2022-08-11 20:06:41','2022-08-11 20:06:41',NULL),(353,71,'Alô, Amigos',0,'2022-08-11 20:07:15','2022-08-11 20:07:15',NULL),(354,72,'Walt Disney',1,'2022-08-11 20:13:03','2022-08-11 20:13:03',NULL),(355,72,'Jeff Vahle',0,'2022-08-11 20:13:11','2022-08-11 20:13:11',NULL),(356,72,'Robert Allen',0,'2022-08-11 20:13:23','2022-08-11 20:13:23',NULL),(357,72,'Kareem Daniel',0,'2022-08-11 20:13:39','2022-08-11 20:13:39',NULL),(358,72,'Ken Potrock',0,'2022-08-11 20:13:50','2022-08-11 20:13:50',NULL),(359,73,'eles entraram em um acordo e criaram músicas',1,'2022-08-11 20:16:30','2022-08-11 20:16:30',NULL),(360,73,'Elas chamam bastante atenção das crianças',0,'2022-08-11 20:17:33','2022-08-11 20:17:33',NULL),(361,73,'Porquê sim',0,'2022-08-11 20:18:43','2022-08-11 20:18:43',NULL),(362,73,'O publico falou que era melhor',0,'2022-08-11 20:19:35','2022-08-11 20:19:35',NULL),(363,73,'Tem que ter motivo?',0,'2022-08-11 20:19:50','2022-08-11 20:19:50',NULL),(364,74,'Rainha Grimhilde',1,'2022-08-11 20:21:52','2022-08-11 20:21:52',NULL),(365,74,'Rainha Vitória',0,'2022-08-11 20:22:22','2022-08-11 20:22:22',NULL),(366,74,'Rainha Bolena',0,'2022-08-11 20:22:37','2022-08-11 20:22:37',NULL),(367,74,'Rainha Médici',0,'2022-08-11 20:23:03','2022-08-11 20:23:03',NULL),(368,74,'Rainha Sofia',0,'2022-08-12 16:49:23','2022-08-12 16:49:23',NULL),(369,75,'O Mundo Maravilhoso',0,'2022-08-12 16:56:39','2022-08-12 16:56:39',NULL),(370,75,'O Mundo Ideal',1,'2022-08-12 16:56:54','2022-08-12 16:56:54',NULL),(371,75,'O Mundo Perfeito',0,'2022-08-12 16:57:11','2022-08-12 16:57:11',NULL),(372,75,'O Mundo Calado',0,'2022-08-12 17:00:40','2022-08-12 17:00:40',NULL),(373,76,'Giulia',0,'2022-08-12 17:01:59','2022-08-12 17:01:59',NULL),(374,76,'Beatriz',0,'2022-08-12 17:02:08','2022-08-12 17:02:08',NULL),(375,76,'Liza',0,'2022-08-12 17:02:17','2022-08-12 17:02:17',NULL),(376,76,'Jane',0,'2022-08-12 17:02:27','2022-08-12 17:02:57','2022-08-12 17:02:57'),(377,76,'Beatrice',0,'2022-08-12 17:02:40','2022-08-12 17:02:40',NULL),(378,76,'Jane',1,'2022-08-12 17:03:03','2022-08-12 17:03:03',NULL),(379,77,'Encanto',0,'2022-08-12 17:14:22','2022-08-12 17:14:47','2022-08-12 17:14:47'),(380,78,'26 de novembro de 1995',0,'2022-08-12 17:22:27','2022-08-12 17:22:27',NULL),(381,78,'18 de dezembro de 2000',0,'2022-08-12 17:22:36','2022-08-12 17:22:36',NULL),(382,78,'14 de janeiro de 1999',0,'2022-08-12 17:22:44','2022-08-12 17:22:44',NULL),(383,78,'18 de dezembro de 2001',0,'2022-08-12 17:22:52','2022-08-12 17:23:15','2022-08-12 17:23:15'),(384,78,'18 de dezembro de 2001',1,'2022-08-12 17:23:12','2022-08-12 17:23:12',NULL),(385,79,'Maggie Baird e Patrick O\'Connell',0,'2022-08-12 17:23:53','2022-08-12 17:24:39','2022-08-12 17:24:39'),(386,79,'Magie Bird e Ronald Connel',0,'2022-08-12 17:24:08','2022-08-12 17:24:08',NULL),(387,79,'Jennifer Kathleen Baird e Frank Alan Hosterman',0,'2022-08-12 17:24:19','2022-08-12 17:24:19',NULL),(388,79,'Maggie Baird e Patrick O\'Connell',1,'2022-08-12 17:24:33','2022-08-12 17:24:33',NULL),(389,80,'Ryan O\'Connell',0,'2022-08-12 17:26:28','2022-08-12 17:26:28',NULL),(390,80,'Harry Ethan',0,'2022-08-12 17:26:35','2022-08-12 17:26:35',NULL),(391,80,'Finneas O\'Connell',0,'2022-08-12 17:26:41','2022-08-12 17:27:15','2022-08-12 17:27:15'),(392,80,'William Smith Jones',0,'2022-08-12 17:26:51','2022-08-12 17:26:51',NULL),(393,80,'Finneas O\'Connell',1,'2022-08-12 17:27:13','2022-08-12 17:27:13',NULL),(394,81,'When We All Fall Asleep, Where Do We Go?',0,'2022-08-12 17:27:48','2022-08-12 17:28:35','2022-08-12 17:28:35'),(395,81,'Happier Than Ever',0,'2022-08-12 17:27:55','2022-08-12 17:27:55',NULL),(396,81,'Up Next Session: Billie Eilish',0,'2022-08-12 17:28:04','2022-08-12 17:28:04',NULL),(397,81,'Live at Third Man Records',0,'2022-08-12 17:28:14','2022-08-12 17:28:14',NULL),(398,81,'When We All Fall Asleep, Where Do We Go?',1,'2022-08-12 17:28:32','2022-08-12 17:28:32',NULL),(399,82,'estadunidense',0,'2022-08-12 17:29:33','2022-08-12 17:30:41','2022-08-12 17:30:41'),(400,82,'Italiana',0,'2022-08-12 17:29:42','2022-08-12 17:29:42',NULL),(401,82,'Italiana',0,'2022-08-12 17:29:48','2022-08-12 17:29:48',NULL),(402,82,'Russa',0,'2022-08-12 17:30:17','2022-08-12 17:30:17',NULL),(403,82,'Americana',1,'2022-08-12 17:30:22','2022-08-12 17:30:35','2022-08-12 17:30:35'),(404,82,'Americana',0,'2022-08-12 17:30:33','2022-08-12 17:30:33',NULL),(405,82,'estadunidense',1,'2022-08-12 17:30:45','2022-08-12 17:30:45',NULL),(406,83,'Carlos',0,'2022-08-12 17:49:38','2022-08-12 17:49:38',NULL),(407,83,'Felipe',0,'2022-08-12 17:49:45','2022-08-12 17:49:45',NULL),(408,83,'José',0,'2022-08-12 17:50:06','2022-08-12 17:50:06',NULL),(409,83,'Rafael',1,'2022-08-12 17:50:17','2022-08-12 17:50:17',NULL),(410,83,'Pedro',0,'2022-08-12 17:50:25','2022-08-12 17:50:25',NULL),(411,83,'Miguel',0,'2022-08-12 17:51:10','2022-08-12 17:51:10',NULL),(412,84,'Saga da Casinha',0,'2022-08-12 17:51:58','2022-08-12 17:51:58',NULL),(413,84,'Hunger Games',1,'2022-08-12 17:52:20','2022-08-12 17:52:20',NULL),(414,84,'Minecraft',0,'2022-08-12 17:52:36','2022-08-12 17:52:36',NULL),(415,85,'Sem Leite e com açúcar',0,'2022-08-12 17:54:40','2022-08-12 17:56:10','2022-08-12 17:56:10'),(416,85,'Sem Leite e açúcar',0,'2022-08-12 17:54:50','2022-08-12 17:54:50',NULL),(417,85,'Com Leite e com açúcar',0,'2022-08-12 17:55:07','2022-08-12 17:55:07',NULL),(418,85,'Com Leite e açúcar',1,'2022-08-12 17:55:28','2022-08-12 17:55:58','2022-08-12 17:55:58'),(419,85,'Sem Leite e com açúcar',0,'2022-08-12 17:55:53','2022-08-12 17:56:00','2022-08-12 17:56:00'),(420,85,'Sem Leite e com açúcar',1,'2022-08-12 17:56:08','2022-08-12 17:56:08',NULL),(421,85,'Com Leite e açúcar',0,'2022-08-12 17:56:41','2022-08-12 17:56:41',NULL),(422,85,'Puro',0,'2022-08-12 17:56:47','2022-08-12 17:56:47',NULL),(423,86,'Tisto',1,'2022-08-12 17:57:20','2022-08-12 17:58:07','2022-08-12 17:58:07'),(424,86,'Mina',0,'2022-08-12 17:57:25','2022-08-12 17:58:00','2022-08-12 17:58:00'),(425,86,'nina',0,'2022-08-12 17:57:30','2022-08-12 17:57:47','2022-08-12 17:57:47'),(426,86,'Tista',0,'2022-08-12 17:57:45','2022-08-12 17:57:45',NULL),(427,86,'Nina',0,'2022-08-12 17:57:52','2022-08-12 17:57:52',NULL),(428,86,'Mina',1,'2022-08-12 17:58:14','2022-08-12 17:58:14',NULL),(429,86,'Tisto',0,'2022-08-12 17:58:18','2022-08-12 17:58:18',NULL),(430,87,'BistCell',0,'2022-08-12 17:59:05','2022-08-12 17:59:05',NULL),(431,87,'ClebinhoCraft',1,'2022-08-12 17:59:14','2022-08-12 17:59:50','2022-08-12 17:59:50'),(432,87,'CellBitos',0,'2022-08-12 17:59:21','2022-08-12 18:00:03','2022-08-12 18:00:03'),(433,87,'Cellbinha',0,'2022-08-12 17:59:29','2022-08-12 17:59:29',NULL),(434,87,'ClebinhoCraft',0,'2022-08-12 17:59:50','2022-08-12 17:59:50',NULL),(435,87,'CellBitos',1,'2022-08-12 17:59:59','2022-08-12 17:59:59',NULL),(436,88,'Assistindo',0,'2022-08-12 19:13:41','2022-08-12 19:14:20','2022-08-12 19:14:20'),(437,88,'Felbit',0,'2022-08-12 19:14:01','2022-08-12 19:14:01',NULL),(438,88,'Cellps',0,'2022-08-12 19:14:18','2022-08-12 19:14:18',NULL),(439,88,'Assistindo',1,'2022-08-12 19:14:32','2022-08-12 19:14:32',NULL),(440,89,'Jesus',0,'2022-08-12 19:15:01','2022-08-12 19:15:01',NULL),(441,89,'Brasil',1,'2022-08-12 19:15:09','2022-08-12 19:15:09',NULL),(442,89,'Mundo',0,'2022-08-12 19:15:21','2022-08-12 19:15:21',NULL),(443,89,'Chat',0,'2022-08-12 19:15:27','2022-08-12 19:15:27',NULL),(444,90,'14/06/1999',0,'2022-08-12 19:16:55','2022-08-12 19:16:55',NULL),(445,90,'11/02/1997',1,'2022-08-12 19:17:18','2022-08-12 19:17:18',NULL),(446,90,'18/05/1998',0,'2022-08-12 19:17:26','2022-08-12 19:17:26',NULL),(447,90,'11/03/1997',0,'2022-08-12 19:17:46','2022-08-12 19:17:46',NULL),(448,90,'11/03/1998',0,'2022-08-12 19:18:03','2022-08-12 19:18:03',NULL),(449,90,'01/01/1997',0,'2022-08-12 19:18:12','2022-08-12 19:18:12',NULL),(450,90,'08/07/1999',0,'2022-08-12 19:18:30','2022-08-12 19:18:30',NULL),(451,91,'1091',0,'2022-08-12 19:23:26','2022-08-12 19:23:26',NULL),(452,91,'1991',1,'2022-08-12 19:23:35','2022-08-12 19:23:35',NULL),(453,91,'2000',0,'2022-08-12 19:23:43','2022-08-12 19:23:43',NULL),(454,91,'2020',0,'2022-08-12 19:23:55','2022-08-12 19:23:55',NULL),(455,91,'2006',0,'2022-08-12 19:24:03','2022-08-12 19:24:03',NULL),(456,91,'1892',0,'2022-08-12 19:24:18','2022-08-12 19:24:18',NULL),(457,91,'1982',0,'2022-08-12 19:24:31','2022-08-12 19:24:31',NULL),(458,91,'1993',0,'2022-08-12 19:24:38','2022-08-12 19:24:38',NULL),(459,92,'Asas protetoras',1,'2022-08-12 19:36:34','2022-08-12 19:36:34',NULL),(460,92,'Magnum Drill',0,'2022-08-12 19:36:42','2022-08-12 19:36:42',NULL),(461,92,'Guilhotina',0,'2022-08-12 19:37:15','2022-08-12 19:37:15',NULL),(462,92,'Ceifadora',0,'2022-08-12 19:37:28','2022-08-12 19:37:28',NULL),(463,92,'Canhão Dragão Negro',0,'2022-08-12 19:38:03','2022-08-12 19:38:03',NULL),(464,93,'2014',1,'2022-08-12 19:38:52','2022-08-12 19:38:52',NULL),(465,93,'2015',0,'2022-08-12 19:38:56','2022-08-12 19:38:56',NULL),(466,93,'2016',0,'2022-08-12 19:39:09','2022-08-12 19:39:09',NULL),(467,93,'2017',0,'2022-08-12 19:39:15','2022-08-12 19:39:15',NULL),(468,93,'2018',0,'2022-08-12 19:39:20','2022-08-12 19:39:20',NULL),(469,94,'M4A1 - Dark Knight',1,'2022-08-12 19:41:38','2022-08-12 19:41:47','2022-08-12 19:41:47'),(470,94,'AK - 47 Paladin e M4A - Dark Knight',1,'2022-08-12 19:42:05','2022-08-12 19:42:05',NULL),(471,94,'SSG - Lycanthrope e AWP - Elven Riven',0,'2022-08-12 19:43:41','2022-08-12 19:43:41',NULL),(472,94,'M3 - Black dragon e Desert Eagle - Crismon',0,'2022-08-12 19:44:05','2022-08-12 19:44:05',NULL),(473,94,'Magnum Drill e  Red Dragon Canon',0,'2022-08-12 19:46:48','2022-08-12 19:46:48',NULL),(474,94,'Dual Python e Gunslinger',0,'2022-08-12 19:47:50','2022-08-12 19:47:50',NULL),(475,95,'Knucles',0,'2022-08-12 20:01:03','2022-08-12 20:01:03',NULL),(476,95,'Tails',1,'2022-08-12 20:01:19','2022-08-12 20:01:19',NULL),(477,95,'Amy',0,'2022-08-12 20:01:27','2022-08-12 20:01:27',NULL),(478,95,'Eggman',0,'2022-08-12 20:01:37','2022-08-12 20:01:37',NULL),(479,96,'Eggman',1,'2022-08-12 20:02:11','2022-08-12 20:02:11',NULL),(480,96,'Metal sonic',0,'2022-08-12 20:02:21','2022-08-12 20:02:21',NULL),(481,96,'Shadow',0,'2022-08-12 20:02:33','2022-08-12 20:02:33',NULL),(482,96,'Knucles',0,'2022-08-12 20:02:44','2022-08-12 20:02:44',NULL),(483,97,'Sonic colors',0,'2022-08-12 20:03:28','2022-08-12 20:03:28',NULL),(484,97,'Sonic 4 episódio 1',0,'2022-08-12 20:03:40','2022-08-12 20:03:40',NULL),(485,97,'Sonic the hedgehog',1,'2022-08-12 20:03:48','2022-08-12 20:03:48',NULL),(486,97,'Sonic forces',0,'2022-08-12 20:04:09','2022-08-12 20:04:09',NULL),(487,98,'13 de fevereiro de 2020',1,'2022-08-12 20:04:51','2022-08-12 20:04:51',NULL),(488,98,'20 de março de 2020',0,'2022-08-12 20:04:57','2022-08-12 20:04:57',NULL),(489,98,'17 de janeiro de 2020',0,'2022-08-12 20:05:08','2022-08-12 20:05:08',NULL),(490,98,'15 de outubro de 2020',0,'2022-08-12 20:05:14','2022-08-12 20:05:14',NULL),(491,99,'Imortalidade',0,'2022-08-12 20:05:45','2022-08-12 20:05:45',NULL),(492,99,'Viajar no tempo',0,'2022-08-12 20:06:19','2022-08-12 20:06:19',NULL),(493,99,'transformação',0,'2022-08-12 20:06:42','2022-08-12 20:06:42',NULL),(494,99,'ele só tem poder quando pega o anel!!',0,'2022-08-12 20:07:38','2022-08-12 20:07:38',NULL),(495,99,'Super velocidade',1,'2022-08-12 20:08:05','2022-08-12 20:08:05',NULL),(496,100,'Super sonic',1,'2022-08-12 20:09:41','2022-08-12 20:09:41',NULL),(497,100,'Sonic cavaleiro prateado',0,'2022-08-12 20:09:50','2022-08-12 20:09:50',NULL),(498,100,'Sonic dourado',0,'2022-08-12 20:09:56','2022-08-12 20:09:56',NULL),(499,100,'Excalibur sonic',0,'2022-08-12 20:10:09','2022-08-12 20:10:09',NULL),(500,101,'Não sei',0,'2022-08-15 17:19:12','2022-08-15 17:19:12',NULL),(501,101,'win 10, win 8, win 8.1, win 7 e Win xp',0,'2022-08-15 17:19:44','2022-08-15 17:19:44',NULL),(502,101,'Win 10, win 8, Win 8.1 e win 7,',0,'2022-08-15 17:19:57','2022-08-15 17:20:31','2022-08-15 17:20:31'),(503,101,'Win 10, win 8, Win 8.1 e win 7, Win xp',0,'2022-08-15 17:20:22','2022-08-15 17:20:22',NULL),(504,101,'Win 10, win 8, Win 8.1 e win 7,',1,'2022-08-15 17:20:35','2022-08-15 17:20:35',NULL),(505,102,'Processador, chipset, Placa Mãe, HD, Gabinete e cooler',0,'2022-08-15 17:22:49','2022-08-15 17:22:49',NULL),(506,102,'Não sei',0,'2022-08-15 17:23:07','2022-08-15 17:23:07',NULL),(507,102,'tem?',0,'2022-08-15 17:23:22','2022-08-15 17:23:22',NULL),(508,102,'Mouse, Teclado e Monitor',0,'2022-08-15 17:23:52','2022-08-15 17:23:52',NULL),(509,102,'Processador, chipset, Placa Mãe, Placa de video, Hd, gabinete e cooler',1,'2022-08-15 17:24:05','2022-08-15 17:24:05',NULL),(510,103,'Qual a diferença entre Software e Hardware?',0,'2022-08-15 17:24:52','2022-08-15 17:25:13','2022-08-15 17:25:13'),(511,103,'Não sei',0,'2022-08-15 17:25:02','2022-08-15 17:25:02',NULL),(512,103,'Hardware é um tipo de virus e Software é um aplicativo',0,'2022-08-15 17:25:29','2022-08-15 17:25:29',NULL),(513,103,'Hardware é a parte visível e Software é a parte interna',0,'2022-08-15 17:26:16','2022-08-15 17:26:16',NULL),(514,103,'Hardware é a parte fisica do PC, e software são os progamas e sistema',1,'2022-08-15 17:27:50','2022-08-15 17:27:50',NULL),(515,104,'9 progamas',1,'2022-08-15 17:29:40','2022-08-15 17:29:40',NULL),(516,104,'10 progamas',0,'2022-08-15 17:29:48','2022-08-15 17:29:48',NULL),(517,104,'11 progamas',0,'2022-08-15 17:29:59','2022-08-15 17:29:59',NULL),(518,104,'7 progamas',0,'2022-08-15 17:30:07','2022-08-15 17:30:07',NULL),(519,104,'5 progamas',0,'2022-08-15 17:30:21','2022-08-15 17:30:21',NULL),(520,104,'4 progamas',0,'2022-08-15 17:30:35','2022-08-15 17:30:35',NULL),(521,104,'6 progamas',0,'2022-08-15 17:30:46','2022-08-15 17:30:46',NULL),(522,105,'A arte de mexer com aparelhos eletronicos e usar tecnologias eletronicas',0,'2022-08-15 17:31:38','2022-08-15 17:32:20','2022-08-15 17:32:20'),(523,105,'A arte de estudar tecnologia e mexer no computador',0,'2022-08-15 17:31:47','2022-08-15 17:31:47',NULL),(524,105,'Não sei',0,'2022-08-15 17:31:57','2022-08-15 17:31:57',NULL),(525,105,'A arte de Trabalhar com progamas e Usar o Office',0,'2022-08-15 17:32:08','2022-08-15 17:32:08',NULL),(526,105,'A arte de mexer com aparelhos eletronicos e usar tecnologias eletronicas',1,'2022-08-15 17:32:24','2022-08-15 17:32:24',NULL),(527,106,'Limpa a pele e logo em seguida vem com a base',1,'2022-08-15 17:37:28','2022-08-15 17:37:58','2022-08-15 17:37:58'),(528,106,'Limpar, tonificar e hidratar e depois vem com o primer',0,'2022-08-15 17:37:47','2022-08-15 17:39:18','2022-08-15 17:39:18'),(529,106,'Limpa a pele e logo em seguida vem com a base',0,'2022-08-15 17:37:56','2022-08-15 17:37:56',NULL),(530,106,'Limpar, tonificar e hidratar e depois vem com o primer',1,'2022-08-15 17:38:23','2022-08-15 17:38:23',NULL),(531,106,'Passar o primer e depois vem com a base',0,'2022-08-15 17:39:33','2022-08-15 17:39:33',NULL),(532,106,'Passar o primer, limpar o rosto e depois vem com a base',0,'2022-08-15 17:40:22','2022-08-15 17:40:22',NULL),(533,107,'Não passar nada',0,'2022-08-15 17:41:30','2022-08-15 17:41:30',NULL),(534,107,'Passar premir',0,'2022-08-15 17:42:35','2022-08-15 17:42:35',NULL),(535,107,'Base',0,'2022-08-15 17:42:48','2022-08-15 17:42:48',NULL),(536,107,'Passa a base e só',1,'2022-08-15 17:43:02','2022-08-15 17:43:56','2022-08-15 17:43:56'),(537,107,'Passa um corretivo ou fixador',0,'2022-08-15 17:43:14','2022-08-15 17:43:28','2022-08-15 17:43:28'),(538,107,'Passa um corretivo ou fixador',0,'2022-08-15 17:43:38','2022-08-15 17:43:54','2022-08-15 17:43:54'),(539,107,'Passa a base e só',0,'2022-08-15 17:43:46','2022-08-15 17:43:46',NULL),(540,107,'Passa um corretivo ou fixador',1,'2022-08-15 17:44:00','2022-08-15 17:44:00',NULL),(541,108,'base/corretivo/pó/sombra/blush/batom',1,'2022-08-15 17:54:46','2022-08-15 17:54:46',NULL),(542,108,'corretivo/pó/sombra/blush/batom',0,'2022-08-15 17:55:48','2022-08-15 17:55:48',NULL),(543,108,'Não tem',0,'2022-08-15 17:55:57','2022-08-15 17:55:57',NULL),(544,108,'base/corretivo/sombra/blush/batom',0,'2022-08-15 17:59:13','2022-08-15 17:59:13',NULL),(545,109,'Passar em cima da mão',0,'2022-08-15 18:00:10','2022-08-15 18:00:10',NULL),(546,109,'Passar no antebraço',0,'2022-08-15 18:00:14','2022-08-15 18:00:14',NULL),(547,109,'Passar no pescoço ou colo',1,'2022-08-15 18:00:21','2022-08-15 18:00:21',NULL),(548,110,'Contorno e iluminador',1,'2022-08-15 18:00:48','2022-08-15 18:00:48',NULL),(549,110,'Base e pó',0,'2022-08-15 18:00:56','2022-08-15 18:00:56',NULL),(550,110,'Blush e pó',0,'2022-08-15 18:01:04','2022-08-15 18:01:04',NULL),(551,110,'Sombra e máscara de cílios',0,'2022-08-15 18:01:10','2022-08-15 18:01:10',NULL);
/*!40000 ALTER TABLE `respostas` ENABLE KEYS */;
UNLOCK TABLES;

--
-- Table structure for table `respostas_usuarios`
--

DROP TABLE IF EXISTS `respostas_usuarios`;
/*!40101 SET @saved_cs_client     = @@character_set_client */;
/*!50503 SET character_set_client = utf8mb4 */;
CREATE TABLE `respostas_usuarios` (
  `id_resposta_usuario` int NOT NULL AUTO_INCREMENT,
  `id_resposta` int NOT NULL,
  `id_user` int NOT NULL,
  `created_at` timestamp NULL DEFAULT NULL,
  `updated_at` timestamp NULL DEFAULT NULL,
  `deleted_at` timestamp NULL DEFAULT NULL,
  PRIMARY KEY (`id_resposta_usuario`),
  KEY `fk_respostas_usuarios_idx` (`id_resposta`),
  KEY `fk_respostas_usuarios_users_idx` (`id_user`)
) ENGINE=MyISAM AUTO_INCREMENT=192 DEFAULT CHARSET=utf8mb3;
/*!40101 SET character_set_client = @saved_cs_client */;

--
-- Dumping data for table `respostas_usuarios`
--

LOCK TABLES `respostas_usuarios` WRITE;
/*!40000 ALTER TABLE `respostas_usuarios` DISABLE KEYS */;
INSERT INTO `respostas_usuarios` VALUES (6,33,3,'2022-08-03 19:02:02','2022-08-03 19:02:02',NULL),(5,19,3,'2022-08-03 19:01:38','2022-08-03 19:01:38',NULL),(7,16,3,'2022-08-03 19:13:10','2022-08-03 19:13:10',NULL),(8,5,3,'2022-08-04 16:41:53','2022-08-04 16:41:53',NULL),(9,48,3,'2022-08-04 18:27:59','2022-08-04 18:27:59',NULL),(10,45,3,'2022-08-04 18:28:08','2022-08-04 18:28:08',NULL),(11,46,3,'2022-08-04 18:35:50','2022-08-04 18:35:50',NULL),(12,55,7,'2022-08-05 17:36:01','2022-08-05 17:36:01',NULL),(13,51,9,'2022-08-05 20:07:37','2022-08-05 20:07:37',NULL),(14,60,9,'2022-08-05 20:08:09','2022-08-05 20:08:09',NULL),(15,61,9,'2022-08-05 20:08:40','2022-08-05 20:08:40',NULL),(16,59,9,'2022-08-05 20:09:21','2022-08-05 20:09:21',NULL),(17,62,9,'2022-08-05 20:09:31','2022-08-05 20:09:31',NULL),(18,57,9,'2022-08-05 20:09:35','2022-08-05 20:09:35',NULL),(19,58,9,'2022-08-05 20:09:38','2022-08-05 20:09:38',NULL),(20,46,10,'2022-08-08 17:09:08','2022-08-08 17:09:08',NULL),(21,48,11,'2022-08-08 17:13:21','2022-08-08 17:13:21',NULL),(22,47,11,'2022-08-08 17:13:44','2022-08-08 17:13:44',NULL),(23,46,11,'2022-08-08 17:13:53','2022-08-08 17:13:53',NULL),(24,52,11,'2022-08-08 17:14:15','2022-08-08 17:14:15',NULL),(25,53,11,'2022-08-08 17:14:19','2022-08-08 17:14:19',NULL),(26,51,11,'2022-08-08 17:14:29','2022-08-08 17:14:29',NULL),(27,50,11,'2022-08-08 17:16:14','2022-08-08 17:16:14',NULL),(28,46,12,'2022-08-09 18:07:39','2022-08-09 18:07:39',NULL),(29,45,12,'2022-08-09 18:07:52','2022-08-09 18:07:52',NULL),(30,48,12,'2022-08-09 18:07:56','2022-08-09 18:07:56',NULL),(31,47,12,'2022-08-09 18:08:00','2022-08-09 18:08:00',NULL),(32,64,12,'2022-08-09 18:08:51','2022-08-09 18:08:51',NULL),(33,60,12,'2022-08-09 18:09:32','2022-08-09 18:09:32',NULL),(34,65,12,'2022-08-09 18:09:55','2022-08-09 18:09:55',NULL),(35,46,13,'2022-08-09 19:06:54','2022-08-09 19:06:54',NULL),(36,50,13,'2022-08-09 19:07:32','2022-08-09 19:07:32',NULL),(37,52,13,'2022-08-09 19:07:40','2022-08-09 19:07:40',NULL),(38,59,13,'2022-08-09 19:07:48','2022-08-09 19:07:48',NULL),(39,69,13,'2022-08-09 19:08:08','2022-08-09 19:08:08',NULL),(40,65,13,'2022-08-09 19:08:13','2022-08-09 19:08:13',NULL),(41,66,13,'2022-08-09 19:08:18','2022-08-09 19:08:18',NULL),(42,51,13,'2022-08-09 19:08:33','2022-08-09 19:08:33',NULL),(43,55,13,'2022-08-09 19:08:39','2022-08-09 19:08:39',NULL),(44,53,13,'2022-08-09 19:08:46','2022-08-09 19:08:46',NULL),(45,54,13,'2022-08-09 19:08:51','2022-08-09 19:08:51',NULL),(46,146,3,'2022-08-12 17:25:10','2022-08-12 17:25:10',NULL),(47,101,3,'2022-08-12 17:25:25','2022-08-12 17:25:25',NULL),(48,150,3,'2022-08-12 17:25:38','2022-08-12 17:25:38',NULL),(49,140,3,'2022-08-12 17:25:51','2022-08-12 17:25:51',NULL),(50,138,3,'2022-08-12 17:26:18','2022-08-12 17:26:18',NULL),(51,109,3,'2022-08-12 18:31:37','2022-08-12 18:31:37',NULL),(52,158,3,'2022-08-12 19:25:55','2022-08-12 19:25:55',NULL),(53,120,3,'2022-08-12 19:26:09','2022-08-12 19:26:09',NULL),(54,162,3,'2022-08-12 19:26:31','2022-08-12 19:26:31',NULL),(55,105,14,'2022-08-15 16:50:34','2022-08-15 16:50:34',NULL),(56,152,14,'2022-08-15 16:50:45','2022-08-15 16:50:45',NULL),(57,109,14,'2022-08-15 16:51:21','2022-08-15 16:51:21',NULL),(58,158,14,'2022-08-15 16:51:35','2022-08-15 16:51:35',NULL),(59,96,14,'2022-08-15 16:51:47','2022-08-15 16:51:47',NULL),(60,93,14,'2022-08-15 16:52:20','2022-08-15 16:52:20',NULL),(61,84,14,'2022-08-15 16:52:33','2022-08-15 16:52:33',NULL),(62,177,14,'2022-08-15 16:52:38','2022-08-15 16:52:38',NULL),(63,92,14,'2022-08-15 16:52:59','2022-08-15 16:52:59',NULL),(64,82,14,'2022-08-15 16:53:21','2022-08-15 16:53:21',NULL),(65,114,14,'2022-08-15 16:53:37','2022-08-15 16:53:37',NULL),(66,138,14,'2022-08-15 16:53:49','2022-08-15 16:53:49',NULL),(67,94,14,'2022-08-15 16:53:58','2022-08-15 16:53:58',NULL),(68,237,14,'2022-08-15 16:54:28','2022-08-15 16:54:28',NULL),(69,240,14,'2022-08-15 16:56:00','2022-08-15 16:56:00',NULL),(70,270,14,'2022-08-15 16:56:33','2022-08-15 16:56:33',NULL),(71,226,14,'2022-08-15 16:56:48','2022-08-15 16:56:48',NULL),(72,266,14,'2022-08-15 16:57:00','2022-08-15 16:57:00',NULL),(73,230,14,'2022-08-15 16:57:22','2022-08-15 16:57:22',NULL),(74,298,14,'2022-08-15 16:57:51','2022-08-15 16:57:51',NULL),(75,299,14,'2022-08-15 16:58:09','2022-08-15 16:58:09',NULL),(76,284,14,'2022-08-15 16:59:01','2022-08-15 16:59:01',NULL),(77,366,14,'2022-08-15 17:01:45','2022-08-15 17:01:45',NULL),(78,374,14,'2022-08-15 17:02:00','2022-08-15 17:02:00',NULL),(79,367,14,'2022-08-15 17:02:06','2022-08-15 17:02:06',NULL),(80,347,15,'2022-08-15 19:09:53','2022-08-15 19:09:53',NULL),(81,365,15,'2022-08-15 19:10:19','2022-08-15 19:10:19',NULL),(82,360,15,'2022-08-15 19:10:28','2022-08-15 19:10:28',NULL),(83,162,16,'2022-08-15 19:10:46','2022-08-15 19:10:46',NULL),(84,135,17,'2022-08-15 19:10:51','2022-08-15 19:10:51',NULL),(85,349,15,'2022-08-15 19:10:52','2022-08-15 19:10:52',NULL),(86,99,16,'2022-08-15 19:11:05','2022-08-15 19:11:05',NULL),(87,362,15,'2022-08-15 19:11:12','2022-08-15 19:11:12',NULL),(88,173,16,'2022-08-15 19:11:14','2022-08-15 19:11:14',NULL),(89,104,17,'2022-08-15 19:11:19','2022-08-15 19:11:19',NULL),(90,100,16,'2022-08-15 19:11:25','2022-08-15 19:11:25',NULL),(91,101,17,'2022-08-15 19:11:43','2022-08-15 19:11:43',NULL),(92,151,17,'2022-08-15 19:12:00','2022-08-15 19:12:00',NULL),(93,381,15,'2022-08-15 19:12:22','2022-08-15 19:12:22',NULL),(94,158,17,'2022-08-15 19:12:36','2022-08-15 19:12:36',NULL),(95,138,17,'2022-08-15 19:12:44','2022-08-15 19:12:44',NULL),(96,125,17,'2022-08-15 19:13:24','2022-08-15 19:13:24',NULL),(97,501,15,'2022-08-15 19:13:44','2022-08-15 19:13:44',NULL),(98,503,15,'2022-08-15 19:13:47','2022-08-15 19:13:47',NULL),(99,134,17,'2022-08-15 19:13:49','2022-08-15 19:13:49',NULL),(100,330,16,'2022-08-15 19:13:50','2022-08-15 19:13:50',NULL),(101,120,17,'2022-08-15 19:13:54','2022-08-15 19:13:54',NULL),(102,516,15,'2022-08-15 19:13:54','2022-08-15 19:13:54',NULL),(103,517,15,'2022-08-15 19:14:02','2022-08-15 19:14:02',NULL),(104,169,17,'2022-08-15 19:14:04','2022-08-15 19:14:04',NULL),(105,136,17,'2022-08-15 19:14:20','2022-08-15 19:14:20',NULL),(106,92,17,'2022-08-15 19:14:48','2022-08-15 19:14:48',NULL),(107,133,17,'2022-08-15 19:15:05','2022-08-15 19:15:05',NULL),(108,458,16,'2022-08-15 19:16:53','2022-08-15 19:16:53',NULL),(109,488,16,'2022-08-15 19:18:08','2022-08-15 19:18:08',NULL),(110,489,16,'2022-08-15 19:18:15','2022-08-15 19:18:15',NULL),(111,366,16,'2022-08-15 19:19:06','2022-08-15 19:19:06',NULL),(112,158,16,'2022-08-15 19:19:57','2022-08-15 19:19:57',NULL),(113,150,16,'2022-08-15 19:20:05','2022-08-15 19:20:05',NULL),(114,140,16,'2022-08-15 19:20:23','2022-08-15 19:20:23',NULL),(115,529,20,'2022-08-15 19:20:31','2022-08-15 19:20:31',NULL),(116,130,16,'2022-08-15 19:20:33','2022-08-15 19:20:33',NULL),(117,173,18,'2022-08-15 19:20:36','2022-08-15 19:20:36',NULL),(118,99,19,'2022-08-15 19:20:37','2022-08-15 19:20:37',NULL),(119,146,16,'2022-08-15 19:20:42','2022-08-15 19:20:42',NULL),(120,100,18,'2022-08-15 19:20:44','2022-08-15 19:20:44',NULL),(121,156,16,'2022-08-15 19:20:50','2022-08-15 19:20:50',NULL),(122,539,20,'2022-08-15 19:20:54','2022-08-15 19:20:54',NULL),(123,178,19,'2022-08-15 19:21:03','2022-08-15 19:21:03',NULL),(124,120,18,'2022-08-15 19:21:08','2022-08-15 19:21:08',NULL),(125,160,16,'2022-08-15 19:21:10','2022-08-15 19:21:10',NULL),(126,163,19,'2022-08-15 19:21:15','2022-08-15 19:21:15',NULL),(127,154,16,'2022-08-15 19:21:15','2022-08-15 19:21:15',NULL),(128,106,18,'2022-08-15 19:21:22','2022-08-15 19:21:22',NULL),(129,546,20,'2022-08-15 19:21:22','2022-08-15 19:21:22',NULL),(130,155,19,'2022-08-15 19:21:30','2022-08-15 19:21:30',NULL),(131,105,18,'2022-08-15 19:21:33','2022-08-15 19:21:33',NULL),(132,158,19,'2022-08-15 19:21:42','2022-08-15 19:21:42',NULL),(133,545,20,'2022-08-15 19:21:47','2022-08-15 19:21:47',NULL),(134,144,18,'2022-08-15 19:21:52','2022-08-15 19:21:52',NULL),(135,156,19,'2022-08-15 19:21:53','2022-08-15 19:21:53',NULL),(136,133,18,'2022-08-15 19:22:00','2022-08-15 19:22:00',NULL),(137,179,19,'2022-08-15 19:22:07','2022-08-15 19:22:07',NULL),(138,93,18,'2022-08-15 19:22:10','2022-08-15 19:22:10',NULL),(139,150,18,'2022-08-15 19:22:19','2022-08-15 19:22:19',NULL),(140,164,19,'2022-08-15 19:22:19','2022-08-15 19:22:19',NULL),(141,105,19,'2022-08-15 19:22:24','2022-08-15 19:22:24',NULL),(142,175,18,'2022-08-15 19:22:38','2022-08-15 19:22:38',NULL),(143,84,19,'2022-08-15 19:22:47','2022-08-15 19:22:47',NULL),(144,162,18,'2022-08-15 19:22:47','2022-08-15 19:22:47',NULL),(145,269,21,'2022-08-15 19:22:47','2022-08-15 19:22:47',NULL),(146,103,18,'2022-08-15 19:22:54','2022-08-15 19:22:54',NULL),(147,86,19,'2022-08-15 19:22:58','2022-08-15 19:22:58',NULL),(148,146,19,'2022-08-15 19:23:22','2022-08-15 19:23:22',NULL),(149,267,21,'2022-08-15 19:23:25','2022-08-15 19:23:25',NULL),(150,103,19,'2022-08-15 19:23:30','2022-08-15 19:23:30',NULL),(151,141,19,'2022-08-15 19:23:43','2022-08-15 19:23:43',NULL),(152,266,21,'2022-08-15 19:23:53','2022-08-15 19:23:53',NULL),(153,247,21,'2022-08-15 19:24:09','2022-08-15 19:24:09',NULL),(154,523,18,'2022-08-15 19:24:10','2022-08-15 19:24:10',NULL),(155,181,21,'2022-08-15 19:24:19','2022-08-15 19:24:19',NULL),(156,185,21,'2022-08-15 19:24:30','2022-08-15 19:24:30',NULL),(157,183,21,'2022-08-15 19:24:48','2022-08-15 19:24:48',NULL),(158,184,21,'2022-08-15 19:24:52','2022-08-15 19:24:52',NULL),(159,187,21,'2022-08-15 19:24:56','2022-08-15 19:24:56',NULL),(160,104,22,'2022-08-15 19:25:13','2022-08-15 19:25:13',NULL),(161,126,22,'2022-08-15 19:25:21','2022-08-15 19:25:21',NULL),(162,251,3,'2022-08-15 19:26:26','2022-08-15 19:26:26',NULL),(163,546,21,'2022-08-15 19:26:30','2022-08-15 19:26:30',NULL),(164,231,3,'2022-08-15 19:26:34','2022-08-15 19:26:34',NULL),(165,535,21,'2022-08-15 19:26:44','2022-08-15 19:26:44',NULL),(166,204,3,'2022-08-15 19:26:49','2022-08-15 19:26:49',NULL),(167,331,3,'2022-08-15 19:27:27','2022-08-15 19:27:27',NULL),(168,325,3,'2022-08-15 19:27:40','2022-08-15 19:27:40',NULL),(169,308,3,'2022-08-15 19:28:03','2022-08-15 19:28:03',NULL),(170,299,3,'2022-08-15 19:28:12','2022-08-15 19:28:12',NULL),(171,297,3,'2022-08-15 19:28:30','2022-08-15 19:28:30',NULL),(172,323,3,'2022-08-15 19:28:44','2022-08-15 19:28:44',NULL),(173,324,3,'2022-08-15 19:28:47','2022-08-15 19:28:47',NULL),(174,305,3,'2022-08-15 19:29:01','2022-08-15 19:29:01',NULL),(175,306,3,'2022-08-15 19:29:04','2022-08-15 19:29:04',NULL),(176,307,3,'2022-08-15 19:29:20','2022-08-15 19:29:20',NULL),(177,294,3,'2022-08-15 19:29:26','2022-08-15 19:29:26',NULL),(178,292,3,'2022-08-15 19:29:29','2022-08-15 19:29:29',NULL),(179,163,3,'2022-08-15 19:30:00','2022-08-15 19:30:00',NULL),(180,170,3,'2022-08-15 19:30:10','2022-08-15 19:30:10',NULL),(181,154,3,'2022-08-15 19:30:44','2022-08-15 19:30:44',NULL),(182,545,23,'2022-08-15 19:30:45','2022-08-15 19:30:45',NULL),(183,86,3,'2022-08-15 19:31:02','2022-08-15 19:31:02',NULL),(184,156,3,'2022-08-15 19:31:20','2022-08-15 19:31:20',NULL),(185,546,23,'2022-08-15 19:31:29','2022-08-15 19:31:29',NULL),(186,270,24,'2022-08-15 19:36:44','2022-08-15 19:36:44',NULL),(187,254,24,'2022-08-15 19:36:52','2022-08-15 19:36:52',NULL),(188,220,24,'2022-08-15 19:37:28','2022-08-15 19:37:28',NULL),(189,183,24,'2022-08-15 19:37:36','2022-08-15 19:37:36',NULL),(190,184,24,'2022-08-15 19:37:43','2022-08-15 19:37:43',NULL),(191,255,24,'2022-08-15 19:37:56','2022-08-15 19:37:56',NULL);
/*!40000 ALTER TABLE `respostas_usuarios` ENABLE KEYS */;
UNLOCK TABLES;

--
-- Table structure for table `users`
--

DROP TABLE IF EXISTS `users`;
/*!40101 SET @saved_cs_client     = @@character_set_client */;
/*!50503 SET character_set_client = utf8mb4 */;
CREATE TABLE `users` (
  `id` int NOT NULL AUTO_INCREMENT,
  `name` varchar(100) NOT NULL,
  `email` varchar(100) NOT NULL,
  `password` varchar(190) NOT NULL,
  `points` int NOT NULL DEFAULT '0',
  `id_avatar` int NOT NULL DEFAULT '1',
  `created_at` timestamp NULL DEFAULT NULL,
  `updated_at` timestamp NULL DEFAULT NULL,
  `deleted_at` timestamp NULL DEFAULT NULL,
  `email_verified_at` timestamp NULL DEFAULT NULL,
  `remember_token` varchar(100) DEFAULT NULL,
  PRIMARY KEY (`id`),
  UNIQUE KEY `email_UNIQUE` (`email`),
  KEY `fk_users_avatares_idx` (`id_avatar`)
) ENGINE=InnoDB AUTO_INCREMENT=26 DEFAULT CHARSET=utf8mb3;
/*!40101 SET character_set_client = @saved_cs_client */;

--
-- Dumping data for table `users`
--

LOCK TABLES `users` WRITE;
/*!40000 ALTER TABLE `users` DISABLE KEYS */;
INSERT INTO `users` VALUES (1,'Kaique','ykaiqz17@gmail.com','none',0,1,NULL,NULL,NULL,NULL,NULL),(3,'Admin','quiztiaccess@gmail.com','$2y$10$iGfvnGMpV3gV0rteXDNxLOnGrzk7/rsDkqGpHJU3p6qjU8pmS1cOK',0,7,'2022-07-28 19:39:56','2022-08-15 19:31:20',NULL,NULL,'nWqoz5NYZPAOnwiochSRXcjdsMGHUyJyrQePWlfvVGWVyG2SkGaP92w2OIJb'),(4,'Pedro','pedro@pedrogmail.com','none',0,1,'2022-08-01 20:09:38','2022-08-01 20:09:38',NULL,NULL,'rB8gKMhNoZRc8gibNEVE8K24E1Vbqq1TwcTINn77xyTGtRM5WIWg2znwfxMe'),(6,'Kaique','kaique@gmail.com','none',0,1,'2022-08-04 18:45:02','2022-08-04 18:45:02',NULL,NULL,NULL),(8,'Pocoyo','pocoyo@gmail.com','none',0,15,'2022-08-05 18:58:19','2022-08-05 20:00:28',NULL,NULL,NULL),(9,'xeda','xedao@xeda.com','none',0,11,'2022-08-05 20:06:00','2022-08-05 20:14:14',NULL,NULL,NULL),(10,'Ze da Silva','teste@teste.com.br','none',0,12,'2022-08-08 17:07:04','2022-08-08 17:09:44',NULL,NULL,NULL),(11,'Sumi','pedrodogral@gmail.com','none',0,17,'2022-08-08 17:12:16','2022-08-08 17:16:53',NULL,NULL,NULL),(12,'gol','gol@teste.com','none',0,17,'2022-08-09 18:06:10','2022-08-09 18:10:53',NULL,NULL,NULL),(13,'Thomas Melo','thomas.cmelo@sp.senac.br','none',0,17,'2022-08-09 19:05:47','2022-08-09 19:08:56',NULL,NULL,NULL),(14,'Zoe','Zoe@sumi.com','none',0,1,'2022-08-15 16:49:24','2022-08-15 17:02:06',NULL,NULL,NULL),(15,'Gabriela','gabriela_ramalho96@outlook.com','none',1650,1,'2022-08-15 19:09:18','2022-08-15 19:14:06',NULL,NULL,NULL),(16,'Pablo','teste123@testando.com','none',2475,2,'2022-08-15 19:09:41','2022-08-15 19:21:41',NULL,NULL,NULL),(17,'José','teste@gmail.com','none',775,17,'2022-08-15 19:09:43','2022-08-15 19:15:15',NULL,NULL,NULL),(18,'Mateus','teeusslopes23@gmail.com','none',250,1,'2022-08-15 19:19:07','2022-08-15 19:24:18',NULL,NULL,NULL),(19,'Adonias Sistema','adonias.sistema@gmail.com','none',150,1,'2022-08-15 19:19:42','2022-08-15 19:23:43',NULL,NULL,NULL),(20,'Robertin do Grau','cavlin.semperna12@gmail.com','none',400,1,'2022-08-15 19:19:55','2022-08-15 19:21:50',NULL,NULL,NULL),(21,'marcos','marcos.vinicius@2.com','none',1125,2,'2022-08-15 19:20:22','2022-08-15 19:26:44',NULL,NULL,NULL),(22,'Raul','raul@gmai.com','none',-50,5,'2022-08-15 19:24:40','2022-08-15 19:25:21',NULL,NULL,NULL),(23,'junin da hornet','kleitin.justiceiro22@gmail.com','none',450,1,'2022-08-15 19:30:24','2022-08-15 19:31:32',NULL,NULL,NULL),(24,'Luana','luana@teste.teste','none',450,8,'2022-08-15 19:36:08','2022-08-15 19:38:10',NULL,NULL,NULL),(25,'Kaique','uwalkersz3@gmail.com','none',0,1,'2023-08-14 19:52:07','2023-08-14 19:52:07',NULL,NULL,NULL);
/*!40000 ALTER TABLE `users` ENABLE KEYS */;
UNLOCK TABLES;
/*!40103 SET TIME_ZONE=@OLD_TIME_ZONE */;

/*!40101 SET SQL_MODE=@OLD_SQL_MODE */;
/*!40014 SET FOREIGN_KEY_CHECKS=@OLD_FOREIGN_KEY_CHECKS */;
/*!40014 SET UNIQUE_CHECKS=@OLD_UNIQUE_CHECKS */;
/*!40101 SET CHARACTER_SET_CLIENT=@OLD_CHARACTER_SET_CLIENT */;
/*!40101 SET CHARACTER_SET_RESULTS=@OLD_CHARACTER_SET_RESULTS */;
/*!40101 SET COLLATION_CONNECTION=@OLD_COLLATION_CONNECTION */;
/*!40111 SET SQL_NOTES=@OLD_SQL_NOTES */;

-- Dump completed on 2023-09-14 17:09:46
